original_index,joint1_angle,joint2_angle,joint3_angle,joint1_velocity,joint2_velocity,joint3_velocity,joint1_acceleration,joint2_acceleration,joint3_acceleration,actual_joint1_torque,actual_joint2_torque,actual_joint3_torque,pred_joint1_torque,pred_joint2_torque,pred_joint3_torque,set
0,1.1784159,1.5786569,0.8498585,0.047936764,-0.026504476,-0.025265375,1.2072766e-08,-8.890845e-09,4.4864032e-09,-7.177816,-0.98699796,0.6187815,-4.949396,-1.1424497,0.34304932,test
1,1.1764117,1.5797015,0.8509782,-0.14696921,0.07719467,0.08146855,1.2072766e-08,-8.890845e-09,4.4864032e-09,-6.4378386,-0.87429124,0.55544525,-5.6078753,-0.74179924,0.4552605,train
2,1.1726443,1.5816771,0.85303974,-0.20401303,0.10726499,0.110927135,-1.369052,0.72168785,0.70700586,-5.677665,-0.7636347,0.48990294,-5.6771607,-0.70337397,0.48326978,test
3,1.1686165,1.5838373,0.855075,-0.20381112,0.11035923,0.100152,-2.459448,1.3733,1.0140073,-5.4763417,-0.73950696,0.47344562,-5.5943108,-0.7550726,0.48942542,train
4,1.1648635,1.5856712,0.85736966,-0.18573996,0.08784809,0.12057568,-2.440091,1.1385134,1.4279073,-5.4956865,-0.7473544,0.4762541,-5.4813066,-0.77173877,0.48906866,train
5,1.1612396,1.5873519,0.85974,-0.18271664,0.084598966,0.11937687,-1.9086312,0.4575365,1.9437069,-5.5378776,-0.7484274,0.48068437,-5.4991837,-0.7810352,0.4858644,train
6,1.1578101,1.5886619,0.86261016,-0.17079933,0.061076332,0.15275408,-0.6959189,-0.818619,2.6737285,-5.5483565,-0.7483314,0.48346144,-5.545425,-0.76052153,0.48828757,train
7,1.1542604,1.5901598,0.86515963,-0.18237768,0.08063612,0.12141451,-0.11617856,-1.380388,2.8047256,-5.5520487,-0.74318045,0.48527184,-5.6311307,-0.7552047,0.48826763,train
8,1.1505746,1.5918785,0.86733764,-0.18783654,0.08931128,0.106422305,-0.31848115,-0.79548687,1.5424104,-5.5291233,-0.75585127,0.4861825,-5.591227,-0.7064462,0.49039888,train
9,1.1467956,1.5937413,0.86926323,-0.19231246,0.09614309,0.09431207,-0.69359934,0.02704317,0.051940177,-5.5154138,-0.7648152,0.4867662,-5.6973176,-0.7553739,0.48548937,test
10,1.1430471,1.5955292,0.8712551,-0.18894602,0.08912089,0.10237387,-0.90517116,0.54196817,-0.93682116,-5.506603,-0.77075106,0.4875626,-5.6016974,-0.755183,0.48810428,train
11,1.1393669,1.5971628,0.87342346,-0.18546598,0.08109497,0.111582175,-0.6923524,0.2562187,-0.7087857,-5.5076756,-0.7695991,0.48907533,-5.6306252,-0.7599118,0.4907762,test
12,1.1356963,1.5987614,0.8756133,-0.18588442,0.08119882,0.11019756,-0.4115588,-0.16801696,-0.22060052,-5.50655,-0.76923543,0.49044442,-5.698071,-0.76603264,0.4922552,train
13,1.1317931,1.6007522,0.8771635,-0.20112117,0.10709249,0.068370715,-0.58607435,0.21388452,-0.9124299,-5.4945145,-0.7774332,0.4908426,-5.6576815,-0.76832294,0.48851225,train
14,1.1279393,1.6026256,0.8788576,-0.1932152,0.091428004,0.090611815,-0.7959211,0.63351345,-1.6246547,-5.4735928,-0.7908719,0.49112332,-5.5711303,-0.77057403,0.49272105,train
15,1.1241271,1.6044177,0.8806115,-0.19287987,0.0908679,0.087784976,-0.7147771,0.55214083,-1.5873475,-5.4786444,-0.78719187,0.4922674,-5.576777,-0.7773082,0.4932279,test
16,1.1202364,1.6063068,0.8821822,-0.19816656,0.09741459,0.07655004,-0.6797278,0.5134457,-1.6094182,-5.4731693,-0.7928601,0.49297246,-5.5854735,-0.7814343,0.49347487,train
17,1.1163114,1.6082302,0.8836569,-0.19882463,0.097705,0.07363209,-0.6469774,0.45199087,-1.5629741,-5.4577565,-0.7979115,0.49349958,-5.587739,-0.78811634,0.49410892,test
18,1.1123232,1.6102489,0.884938,-0.20279439,0.103930496,0.06172589,-0.75940347,0.6718586,-1.9447347,-5.4505033,-0.8033055,0.4939919,-5.5516076,-0.79282224,0.49364954,test
19,1.1081581,1.6125551,0.885742,-0.21326275,0.12100663,0.03384242,-1.080909,1.2569624,-2.8584642,-5.4358225,-0.81372815,0.49376723,-5.475263,-0.79548216,0.49211806,test
20,1.1039419,1.6149218,0.886407,-0.21345545,0.11976007,0.03315075,-1.3493844,1.7432903,-3.627941,-5.416153,-0.8254546,0.4934026,-5.427389,-0.7965568,0.4924623,train
21,1.099816,1.6171103,0.88729465,-0.2073903,0.108190976,0.048064116,-1.2397588,1.5566308,-3.38141,-5.414071,-0.8294307,0.49302447,-5.4224906,-0.7997205,0.49394724,train
22,1.095738,1.6191928,0.8882882,-0.20607395,0.10474823,0.050525,-0.87211454,0.92118746,-2.4603875,-5.417444,-0.82782793,0.49362892,-5.475734,-0.81427056,0.4954948,test
23,1.091561,1.6214203,0.8890213,-0.21304016,0.115364306,0.032568302,-0.67424107,0.57518005,-1.9610583,-5.4106455,-0.832775,0.49355015,-5.533383,-0.8188917,0.4943228,test
24,1.0872495,1.6238543,0.8893936,-0.21978511,0.12576236,0.014206852,-0.8476807,0.87042135,-2.4179409,-5.3922205,-0.84421635,0.49274006,-5.484421,-0.82396406,0.49274147,test
25,1.0842483,1.6239926,0.8932222,-0.13118196,-0.029133242,0.2480966,1.0541207,-2.4333544,2.6165595,-5.428269,-0.8396838,0.49250385,-5.3487706,-0.742667,0.51184297,test
26,1.081108,1.6243405,0.8966736,-0.16741739,0.031990338,0.15198724,2.9178867,-5.0,5.0,-5.521137,-0.7788565,0.49777937,-5.500855,-0.80445206,0.5043802,train
27,1.0774249,1.6256119,0.89867634,-0.19220705,0.07436896,0.08555387,2.4804182,-4.375182,4.3386784,-5.454992,-0.8146026,0.49824527,-5.4864397,-0.7858943,0.5149135,train
28,1.0735707,1.6271746,0.9001893,-0.19591959,0.08058653,0.07342361,1.196393,-2.217075,1.2882673,-5.4196377,-0.8438124,0.49694315,-5.532603,-0.7767361,0.50965595,train
29,1.0692525,1.6295134,0.9004535,-0.22547616,0.13016702,-0.0053628734,-0.9156716,1.3906744,-4.044665,-5.393817,-0.8554372,0.4975512,-5.4092116,-0.83803624,0.49334833,train
30,1.0656179,1.6306536,0.90251696,-0.17127368,0.035714526,0.13746837,-0.88229084,1.2883426,-3.7324219,-5.381243,-0.8770356,0.49549744,-5.3560414,-0.82805216,0.5011429,test
31,1.0620124,1.6317265,0.9046262,-0.18589105,0.060027037,0.09701681,0.14073183,-0.52157277,-0.85128856,-5.440428,-0.84110826,0.49804252,-5.6179705,-0.86044216,0.5109576,test
32,1.0583665,1.6328466,0.9066037,-0.18410124,0.055735815,0.100628614,0.57549584,-1.3168912,0.43190867,-5.418122,-0.8562814,0.49871075,-5.6285157,-0.84898233,0.5069549,train
33,1.0550237,1.633434,0.90934443,-0.16463658,0.021883134,0.14994997,1.2915944,-2.5703912,2.402402,-5.428115,-0.8567272,0.4995473,-5.428614,-0.8112545,0.51005876,test
34,1.0519509,1.6335506,0.91275173,-0.15273646,0.001071725,0.17896248,1.8871533,-3.5857224,3.995055,-5.458332,-0.84503627,0.50145745,-5.4418855,-0.8279067,0.5019552,train
35,1.049024,1.6334,0.91652024,-0.14673193,-0.0102673955,0.19399838,2.5708654,-4.753886,5.0,-5.476562,-0.8415113,0.50315833,-5.508391,-0.87400395,0.4940674,train
36,1.0460843,1.6332607,0.9202196,-0.14941683,-0.0060509406,0.18485288,2.7275965,-5.0,5.0,-5.481309,-0.84310025,0.5048808,-5.5079236,-0.8754186,0.49647546,train
37,1.0430505,1.6332626,0.9236515,-0.15480796,0.002013255,0.16997854,2.2429438,-4.1765428,4.0227895,-5.4735537,-0.852096,0.5064269,-5.468765,-0.84790915,0.5046024,train
38,1.0397973,1.6336365,0.9264551,-0.16765584,0.02409688,0.13299768,1.299542,-2.5557907,1.756153,-5.4578557,-0.8649743,0.5073996,-5.5092807,-0.8682413,0.5126886,train
39,1.0364218,1.6342052,0.928924,-0.17181063,0.030279059,0.12215504,0.31578892,-0.8571113,-0.6533425,-5.439159,-0.8844291,0.5075473,-5.6175165,-0.91639495,0.51926804,test
40,1.0330023,1.6348307,0.93125856,-0.17346235,0.0321765,0.11657998,-0.3096254,0.20918544,-2.1128428,-5.431436,-0.89642143,0.50717187,-5.491113,-0.91031253,0.51906645,train
41,1.0295365,1.6355209,0.93343747,-0.17601268,0.035877813,0.107999995,-0.62226003,0.73786354,-2.8008895,-5.4259505,-0.9053079,0.5074251,-5.425131,-0.9106518,0.5161334,train
42,1.0260732,1.6361966,0.935571,-0.17506778,0.033772696,0.10761884,-0.6564412,0.79274005,-2.8226516,-5.42011,-0.91237086,0.5082808,-5.414526,-0.9179163,0.51610476,test
43,1.0225173,1.6370142,0.937437,-0.18146683,0.043782894,0.09006077,-0.72574246,0.9102532,-2.966057,-5.4156966,-0.9190847,0.50894016,-5.403362,-0.92381966,0.51492345,train
44,1.0187932,1.6381005,0.9388282,-0.19063371,0.05855258,0.064047396,-1.0388913,1.436935,-3.7413652,-5.398218,-0.93016905,0.5093904,-5.36081,-0.9326552,0.5103166,train
45,1.0149841,1.639302,0.94002706,-0.19347899,0.061847065,0.059264082,-1.3716457,1.9753076,-4.470341,-5.3779087,-0.93932486,0.5102312,-5.3296695,-0.9407951,0.5077909,train
46,1.0111591,1.6405345,0.94110996,-0.19367726,0.06299401,0.053058434,-1.5012984,2.2009687,-4.7324257,-5.369091,-0.94641864,0.5098534,-5.3080955,-0.9513905,0.50571036,test
47,1.0071718,1.6420194,0.94175065,-0.20434104,0.079279535,0.02573687,-1.6423959,2.4492214,-5.0,-5.363486,-0.95829874,0.5093619,-5.2987437,-0.96097445,0.5048475,train
48,1.0031482,1.6435518,0.94227386,-0.20347737,0.07745103,0.0262993,-1.7159866,2.5688324,-5.0,-5.3447285,-0.97199404,0.50834125,-5.29036,-0.9697008,0.504999,train
49,0.9997734,1.6439904,0.944401,-0.16090906,0.005756397,0.13208733,-0.57836795,0.67318445,-2.171025,-5.3659387,-0.9699044,0.5083491,-5.3977213,-0.9692838,0.51978064,train
50,0.9948554,1.6469338,0.9426616,-0.27584314,0.19337636,-0.15555604,-1.7958912,2.6119623,-5.0,-5.354804,-0.9621649,0.5094375,-5.3390613,-0.999131,0.50397897,train
51,0.99089265,1.6483163,0.94324476,-0.17765895,0.032777388,0.08546777,-2.185916,3.2469003,-5.0,-5.2446637,-1.0355197,0.50441706,-5.260272,-1.0050023,0.49440432,train
52,0.988635,1.6469097,0.9479957,-0.09498525,-0.102546334,0.2874089,1.5224695,-2.7892687,3.8894598,-5.428158,-0.96044,0.5076001,-5.39121,-0.9429976,0.50307864,train
53,0.9856405,1.6466821,0.9509036,-0.1688396,0.016250972,0.104187325,3.3989363,-5.0,5.0,-5.510708,-0.9342085,0.5079141,-5.4962993,-0.94354826,0.51236707,train
54,0.9822216,1.6471424,0.95271647,-0.17439246,0.025836367,0.08762966,3.0895026,-4.6682043,4.745512,-5.395241,-0.9831783,0.50921583,-5.4955606,-0.94867235,0.5128417,train
55,0.97918344,1.6469793,0.95542353,-0.14754874,-0.01828913,0.15174118,2.1355283,-3.2212505,2.764986,-5.4032197,-0.99218464,0.5090329,-5.453505,-0.9518254,0.51294386,test
56,0.9779216,1.6439426,0.9623954,-0.038381398,-0.19489312,0.41395095,4.275292,-5.0,5.0,-5.5055323,-0.96497786,0.5114778,-5.6267357,-1.0007782,0.51066226,test
57,0.9764372,1.6412549,0.96874964,-0.08638464,-0.118144006,0.293356,5.0,-5.0,5.0,-5.6407337,-0.91139495,0.516494,-5.618839,-0.9619166,0.5163148,test
58,0.9708912,1.645103,0.96522623,-0.34004793,0.2908199,-0.3225038,-0.8738948,3.8100998,-5.0,-5.4231167,-0.98374337,0.5176817,-5.4302363,-1.0227878,0.5147151,train
59,0.9654815,1.6487429,0.9619832,-0.2536455,0.15229243,-0.1164418,-5.0,5.0,-5.0,-5.106009,-1.1539102,0.50607884,-5.112639,-1.1442875,0.5122795,train
60,0.9609794,1.6509194,0.96088046,-0.22005333,0.09777022,-0.03779195,-5.0,5.0,-5.0,-5.2452016,-1.1019871,0.50473195,-5.1970487,-1.1741122,0.49856153,train
61,0.95811576,1.650442,0.9637065,-0.12210733,-0.060927752,0.19781263,-1.4102787,-0.18864353,2.0410755,-5.3431163,-1.0664904,0.5062833,-5.2758336,-1.10057,0.52093434,train
62,0.95130754,1.6562928,0.95690167,-0.4124799,0.4057149,-0.5102404,-2.7280672,2.3645191,-2.5183063,-5.317421,-1.0585002,0.505692,-5.3607273,-1.1684027,0.49984318,train
63,0.94406533,1.6628549,0.94896996,-0.35255757,0.3103127,-0.36902428,-5.0,5.0,-5.0,-4.9275074,-1.2586561,0.49116594,-5.081845,-1.1864011,0.5105598,test
64,0.93772525,1.6679755,0.94315434,-0.31126562,0.24416292,-0.27223107,-5.0,5.0,-5.0,-5.027564,-1.223776,0.48575813,-4.9810185,-1.1758612,0.512499,train
65,0.93362445,1.669472,0.94276446,-0.17599463,0.02488007,0.056769464,-1.3133204,-0.33412176,2.2731185,-5.1539955,-1.1794055,0.48374498,-5.326112,-1.1971034,0.49741265,train
66,0.93186444,1.6671753,0.94807017,-0.062660806,-0.15891412,0.3328439,5.0,-5.0,5.0,-5.406132,-1.0693684,0.48869273,-5.612827,-1.0626456,0.50454336,test
67,0.9302288,1.6646711,0.95363253,-0.08902867,-0.11666069,0.26577064,5.0,-5.0,5.0,-5.5556045,-1.0052645,0.49300167,-5.580539,-1.0510702,0.5045849,train
68,0.9274512,1.6639959,0.9563727,-0.15640573,-0.008705806,0.09974307,5.0,-5.0,5.0,-5.483677,-1.0463372,0.49281314,-5.507686,-1.013226,0.5222462,test
69,0.9246119,1.6634293,0.95887786,-0.13991778,-0.03439441,0.13477051,2.697314,-1.9215986,0.5668013,-5.3969836,-1.0973414,0.4918973,-5.662393,-1.1410357,0.5001096,test
70,0.92352813,1.6600679,0.9655375,-0.029002175,-0.2112416,0.39855823,3.4799283,-3.6084428,3.2557933,-5.4856944,-1.0735217,0.49553958,-5.577731,-1.0805041,0.5140187,test
71,0.9193556,1.6616181,0.9647125,-0.26688907,0.16733545,-0.17621201,0.65480405,0.5115284,-2.8451657,-5.5165076,-1.0539958,0.496778,-5.4751062,-1.0995641,0.48913282,train
72,0.913714,1.6655194,0.9602897,-0.29126996,0.20715556,-0.2389102,-5.0,5.0,-5.0,-5.1563416,-1.2281,0.48728582,-4.92969,-1.2205241,0.51181304,test
73,0.90706635,1.6710405,0.9533545,-0.35025927,0.30203986,-0.3858227,-5.0,5.0,-5.0,-5.084003,-1.26956,0.48014823,-4.9886537,-1.2573246,0.50467324,test
74,0.8990383,1.6788163,0.942878,-0.4234017,0.4220803,-0.57507527,-5.0,5.0,-5.0,-4.9517126,-1.337829,0.47060186,-5.003561,-1.3225988,0.47968405,train
75,0.893151,1.6831434,0.93759125,-0.2597948,0.15770966,-0.17446204,-4.414876,4.731625,-5.0,-4.9255967,-1.3684187,0.46311328,-4.8543344,-1.2202127,0.49603787,test
76,0.8886895,1.6851854,0.93571734,-0.21551414,0.087268956,-0.07101382,0.9573941,-3.4030385,5.0,-5.1746864,-1.2566068,0.46187225,-5.4888268,-1.2582551,0.46229866,test
77,0.8865217,1.6835479,0.9393767,-0.077554494,-0.13436276,0.2630501,5.0,-5.0,5.0,-5.311972,-1.206189,0.46370813,-5.541525,-1.1521108,0.48826158,test
78,0.88467443,1.6813762,0.9438042,-0.098475486,-0.10214972,0.21208338,5.0,-5.0,5.0,-5.500515,-1.1250587,0.4673455,-5.5233097,-1.146387,0.49003288,test
79,0.8839176,1.6774673,0.9508068,-0.020067662,-0.22675258,0.39772165,5.0,-5.0,5.0,-5.5160785,-1.1306406,0.47010148,-5.649921,-1.1851022,0.49248376,test
80,0.88234496,1.6748784,0.9557241,-0.097886175,-0.10157152,0.20346512,5.0,-5.0,5.0,-5.593505,-1.1047698,0.47333935,-5.5251207,-1.154521,0.48957995,train
81,0.87935835,1.6745496,0.95715964,-0.16751613,0.009618331,0.032572035,1.1581504,0.5711622,-3.250951,-5.448076,-1.1822989,0.47169107,-5.4731073,-1.2030181,0.48212448,train
82,0.87638396,1.6742187,0.95852983,-0.14546302,-0.024411593,0.0802965,-1.9776338,5.0,-5.0,-5.3613625,-1.2353977,0.46953285,-5.5794687,-1.2635502,0.45768318,test
83,0.8735644,1.6736443,0.9602077,-0.14196292,-0.030122664,0.08609654,-3.3091338,5.0,-5.0,-5.397527,-1.2311174,0.469451,-5.3844495,-1.2804385,0.46594498,train
84,0.8709402,1.6727681,0.9622767,-0.13013238,-0.04832672,0.11017458,-2.543655,3.8750641,-4.1186557,-5.410106,-1.2360144,0.46923572,-5.393578,-1.2814933,0.47102126,test
85,0.86880934,1.6711231,0.9654661,-0.10116628,-0.093558766,0.17686997,-0.5651984,0.8137115,-0.11553134,-5.4465575,-1.2334473,0.46975562,-5.439589,-1.2949127,0.47110423,train
86,0.8683832,1.6668077,0.97260326,0.0025920349,-0.25621232,0.41737822,3.4067547,-5.0,5.0,-5.552236,-1.2045356,0.47332063,-5.537828,-1.2374063,0.47737315,test
87,0.86868733,1.6613516,0.9813765,0.019160781,-0.28204155,0.45225486,5.0,-5.0,5.0,-5.7226744,-1.1438974,0.4802321,-5.686028,-1.1830719,0.48608932,train
88,0.8703887,1.6537415,0.9933048,0.10640558,-0.4165308,0.65006226,5.0,-5.0,5.0,-5.808021,-1.1264629,0.4875717,-5.891722,-1.097522,0.4683577,train
89,0.8629604,1.6604179,0.9836706,-0.5231321,0.56860185,-0.8348947,-5.0,5.0,-5.0,-5.5936613,-1.1989837,0.4840038,-5.212352,-1.5284314,0.4657924,train
90,0.85500914,1.6679555,0.9727294,-0.36570412,0.3251956,-0.46885404,-5.0,5.0,-5.0,-4.7452397,-1.5853562,0.46101025,-4.98063,-1.4142114,0.48860016,test
91,0.8506831,1.6698407,0.97023135,-0.17430092,0.025894228,-0.022492258,-5.0,5.0,-5.0,-5.076731,-1.4695398,0.45670024,-5.124933,-1.3809339,0.46375814,train
92,0.8482386,1.6687757,0.9720978,-0.10840641,-0.07786976,0.12990119,0.6958027,-3.285344,5.0,-5.393576,-1.3442822,0.45994875,-5.3311286,-1.358896,0.43218842,train
93,0.84597677,1.6674193,0.9743378,-0.11644076,-0.06550031,0.10818143,5.0,-5.0,5.0,-5.4872465,-1.312491,0.4611622,-5.4158487,-1.2191025,0.47990242,test
94,0.84314495,1.6669654,0.97514915,-0.15163375,-0.009642635,0.02040563,5.0,-5.0,5.0,-5.4576454,-1.3341428,0.4599144,-5.4154863,-1.2268624,0.47977024,test
95,0.8401908,1.6667144,0.97559696,-0.14897284,-0.013272326,0.023122648,3.3948243,-3.024537,2.2127268,-5.4096704,-1.3675709,0.4577049,-5.485377,-1.3088154,0.4571205,train
96,0.836667,1.6673707,0.97462755,-0.18740821,0.047780503,-0.07134405,0.9481592,0.40398696,-2.766463,-5.3939977,-1.3858438,0.45477462,-5.43519,-1.3383769,0.4533188,train
97,0.833418,1.6676154,0.97421366,-0.157538,0.0019944496,-0.005857294,-0.26671493,2.0054057,-5.0,-5.3547606,-1.4165798,0.45159402,-5.432838,-1.3758701,0.44310835,train
98,0.83054936,1.6672689,0.9746184,-0.1415251,-0.023129698,0.028288418,0.35574692,0.77475893,-3.0575762,-5.409141,-1.4060048,0.45048216,-5.427999,-1.3673185,0.45112133,train
99,0.82780397,1.6667448,0.9752292,-0.13827455,-0.0272008,0.031511616,1.1947353,-0.74859995,-0.70137703,-5.4355607,-1.405318,0.44943213,-5.452095,-1.3944346,0.44601953,train
100,0.82508445,1.6661927,0.9758273,-0.13756065,-0.027826134,0.029694857,1.8326938,-1.9128599,1.1166694,-5.4438963,-1.415446,0.44769344,-5.450463,-1.3938757,0.44401878,train
101,0.82238245,1.6656262,0.9763876,-0.13661788,-0.028568994,0.027759725,1.7846502,-1.969825,1.2685946,-5.4478154,-1.4263488,0.44592232,-5.440777,-1.4061539,0.44091672,test
102,0.81969917,1.6650429,0.9769117,-0.1356702,-0.029459741,0.02595816,1.5405446,-1.6878422,0.8970497,-5.452415,-1.4372177,0.44422317,-5.456227,-1.4243484,0.43618202,train
103,0.8170629,1.6644049,0.97746533,-0.13285322,-0.032802466,0.02846107,1.3653527,-1.4878986,0.6446091,-5.4581647,-1.4478314,0.4424816,-5.4648957,-1.4386053,0.43236062,train
104,0.8143996,1.6638207,0.97786766,-0.13550249,-0.028221775,0.017712357,1.1641682,-1.2310125,0.28136382,-5.464236,-1.4589204,0.44057116,-5.4633985,-1.4569213,0.4278544,test
105,0.81167376,1.6633583,0.9780238,-0.13882482,-0.0215584,0.0047209435,0.83520484,-0.75089854,-0.43520543,-5.460741,-1.4719442,0.4389361,-5.4603496,-1.4848634,0.42343333,train
106,0.80888534,1.6630013,0.9779646,-0.14194587,-0.016623128,-0.0055457405,0.4438763,-0.17256702,-1.2901899,-5.457604,-1.4874299,0.43656123,-5.445089,-1.4897728,0.42426708,train
107,0.8060994,1.6626662,0.97780484,-0.14082147,-0.016715515,-0.009057966,0.15820199,0.25228807,-1.9268245,-5.4558477,-1.5013723,0.433975,-5.422987,-1.4975811,0.42439273,train
108,0.80340844,1.6622046,0.97777843,-0.13489312,-0.025051598,0.0008306527,0.19454741,0.19684567,-1.8328704,-5.4647646,-1.5123023,0.43196264,-5.443181,-1.5163723,0.41944125,train
109,0.8006974,1.6617882,0.9776298,-0.13803001,-0.019521829,-0.010253814,0.2833062,0.047097974,-1.5838271,-5.4747534,-1.5215943,0.429563,-5.455567,-1.5329859,0.41552618,train
110,0.7980292,1.6613247,0.97750455,-0.1342393,-0.024322722,-0.0053263805,0.36046705,-0.07964603,-1.3526641,-5.4748554,-1.5349782,0.42700404,-5.468246,-1.5511785,0.41110495,train
111,0.79546374,1.6607273,0.9774695,-0.12861493,-0.031714883,-0.00085966795,0.55567855,-0.3812794,-0.94490623,-5.487408,-1.5440482,0.42494738,-5.4849477,-1.5802954,0.40394148,train
112,0.79284024,1.6602364,0.9772444,-0.13416079,-0.022422936,-0.014775273,0.5672538,-0.39699894,-0.94385296,-5.496142,-1.5525042,0.42363182,-5.489741,-1.5865654,0.40289146,train
113,0.79023063,1.6597408,0.97697866,-0.131551,-0.025552649,-0.013216768,0.49726066,-0.29322493,-1.0523098,-5.4925523,-1.5693301,0.41990268,-5.4926133,-1.6010786,0.3997138,test
114,0.7877546,1.6590568,0.97693044,-0.12353478,-0.03703377,0.00068802625,0.6185424,-0.48849577,-0.73240066,-5.5041227,-1.5780118,0.41778478,-5.498117,-1.6135584,0.3954554,train
115,0.78539765,1.6582054,0.97707045,-0.11811012,-0.044596475,0.008893001,0.9096944,-0.9492314,-0.018011618,-5.522899,-1.5840265,0.41588673,-5.5003285,-1.6096759,0.39299184,train
116,0.7830957,1.6572889,0.9772481,-0.11613481,-0.046591137,0.008887495,1.1941572,-1.3926176,0.63325495,-5.5361094,-1.5923206,0.41389596,-5.5301285,-1.6213968,0.39045814,train
117,0.76899046,1.6752706,0.94868976,-0.89569926,1.2024907,-1.890728,-5.0,5.0,-5.0,-5.127175,-1.763328,0.39887846,-6.11231,-2.266069,0.30811366,test
118,0.75849897,1.6875682,0.9286698,-0.42009726,0.44669226,-0.74650884,-5.0,5.0,-5.0,-4.224659,-2.2201407,0.36144236,-4.5874624,-1.7244838,0.4045169,train
119,0.75448495,1.6895373,0.924298,-0.13714814,-0.005619455,-0.061474405,1.2266072,-4.1101966,5.0,-5.043206,-1.8594294,0.35923883,-5.2496896,-1.688824,0.34255937,train
120,0.7524916,1.6882656,0.924798,-0.089950114,-0.08195517,0.051651765,5.0,-5.0,5.0,-5.4760056,-1.6663606,0.3622797,-5.557887,-1.6335777,0.3783804,train
121,0.7504477,1.6870838,0.9250923,-0.10767831,-0.052766252,0.003592568,5.0,-5.0,5.0,-5.536182,-1.6465955,0.36144462,-5.554694,-1.6471912,0.37624642,train
122,0.7481843,1.6862805,0.9247369,-0.116764784,-0.036652822,-0.024685612,5.0,-5.0,5.0,-5.509708,-1.6719472,0.35891792,-5.562997,-1.6660072,0.37114915,train
123,0.7458296,1.6856537,0.9240612,-0.12002686,-0.029895347,-0.037232425,3.7354972,-3.4732318,2.8849554,-5.49975,-1.6918248,0.3559967,-5.4834933,-1.6745179,0.36814585,train
124,0.743478,1.6850526,0.9232894,-0.11882551,-0.030266222,-0.03974908,2.4689817,-1.8072277,0.5404925,-5.500652,-1.7076647,0.35260418,-5.6105876,-1.7423828,0.36300418,test
125,0.74116266,1.684423,0.922499,-0.116799235,-0.0320143,-0.040212285,1.8797369,-1.145547,-0.30978423,-5.5081673,-1.7193954,0.34967336,-5.5888124,-1.7587467,0.35840487,train
126,0.7388853,1.6837618,0.921696,-0.11490463,-0.033595655,-0.040894225,1.6118937,-0.9451324,-0.49183083,-5.517489,-1.731692,0.34640822,-5.581279,-1.7709371,0.3534222,test
127,0.73664445,1.6830719,0.92087823,-0.11306895,-0.035025787,-0.04166053,1.4648237,-0.8937621,-0.47772256,-5.526064,-1.7430325,0.3433926,-5.572037,-1.7783344,0.3489271,train
128,0.7344509,1.6823378,0.92006725,-0.110509425,-0.037500802,-0.040969454,1.369158,-0.88482404,-0.41510415,-5.5352573,-1.7544755,0.34032363,-5.565476,-1.7851866,0.34472737,train
129,0.7324229,1.6813635,0.9195651,-0.10035485,-0.052618023,-0.02076984,1.4979706,-1.2130724,0.15101154,-5.5493693,-1.7628253,0.33773768,-5.5751505,-1.79189,0.34159943,train
130,0.73050463,1.6802394,0.91923547,-0.09620471,-0.057904344,-0.015517105,1.7470008,-1.7181115,0.9814511,-5.571612,-1.7676307,0.33515903,-5.559629,-1.7893327,0.3379368,train
131,0.7286206,1.67909,0.9188877,-0.095210746,-0.05796278,-0.018310642,1.845285,-1.9587129,1.400298,-5.584125,-1.7775558,0.33244306,-5.5227036,-1.7844886,0.33497092,test
132,0.72675514,1.6779454,0.91847306,-0.09428534,-0.057642806,-0.021870805,1.7556788,-1.869673,1.3026881,-5.5924964,-1.7899137,0.3296486,-5.5378036,-1.7972523,0.3308645,test
133,0.7249074,1.6768023,0.9179895,-0.0933997,-0.057628587,-0.02533867,1.5327699,-1.5487163,0.8267439,-5.6009827,-1.8023083,0.32690617,-5.592226,-1.8230761,0.32613036,train
134,0.7230826,1.675652,0.9174708,-0.092153355,-0.058113914,-0.026596127,1.3221488,-1.2431309,0.38740677,-5.609002,-1.8140665,0.3241401,-5.6052766,-1.836627,0.3232708,train
135,0.7212702,1.6744958,0.91692203,-0.09171644,-0.05836434,-0.02819744,1.1454334,-1.0138059,0.10027487,-5.6169844,-1.826337,0.32081425,-5.599166,-1.843683,0.3203908,train
136,0.7172911,1.6769966,0.91070056,-0.23488908,0.18332207,-0.40261185,-2.4635277,4.968937,-5.0,-5.5485597,-1.8746573,0.31359497,-5.531658,-1.8847121,0.32653618,train
137,0.71403605,1.6783509,0.90616655,-0.14345768,0.03393111,-0.17692542,-4.905242,5.0,-5.0,-5.400621,-1.9748985,0.3050779,-5.42417,-1.9291869,0.3156415,test
138,0.71202505,1.6776732,0.90468985,-0.08917926,-0.054808732,-0.043678276,-2.7608817,2.2896378,-1.6825186,-5.558235,-1.9083939,0.30273452,-5.525864,-1.9324166,0.32313994,train
139,0.7104118,1.6763636,0.9041293,-0.079468235,-0.06953035,-0.023744928,0.45466414,-2.4013891,4.852784,-5.6444497,-1.8793209,0.3004677,-5.5178456,-1.935404,0.26666275,train
140,0.70880586,1.6750737,0.90348405,-0.081940144,-0.06373082,-0.03541448,3.0538616,-5.0,5.0,-5.66344,-1.8855568,0.29757026,-5.5880313,-1.8956208,0.26437932,test
141,0.70716894,1.673872,0.90264785,-0.083237514,-0.059675716,-0.04446939,3.2073696,-5.0,5.0,-5.666692,-1.9009578,0.29432184,-5.6292853,-1.910762,0.26065752,train
142,0.7055451,1.6726966,0.9016951,-0.08197118,-0.059169058,-0.049406976,2.606789,-3.8793273,3.5146523,-5.673046,-1.9144546,0.2913666,-5.638704,-1.9282492,0.2772456,train
143,0.7039368,1.6715219,0.9007201,-0.08133526,-0.059274316,-0.049364574,2.0854814,-2.9208314,2.277634,-5.6833878,-1.92725,0.28815395,-5.6561675,-1.9295624,0.2841949,train
144,0.70235854,1.6703316,0.89971817,-0.07954721,-0.06027671,-0.051158134,1.749015,-2.303691,1.5534271,-5.6917534,-1.9401071,0.28395644,-5.687817,-1.9410607,0.2822846,train
145,0.70081574,1.6691228,0.8986786,-0.07774761,-0.061194215,-0.053088944,1.5372303,-1.897505,1.0736006,-5.703005,-1.9514999,0.2808717,-5.718312,-1.9547151,0.27934882,train
146,0.6993099,1.6678946,0.89759713,-0.07585633,-0.062200863,-0.055262413,1.3905047,-1.6005143,0.69467145,-5.7146387,-1.9629518,0.27779138,-5.7505784,-1.9697205,0.2761673,train
147,0.69759005,1.6670734,0.89583695,-0.09056063,-0.034999292,-0.09945118,0.8922338,-0.6978619,-0.65090024,-5.7180057,-1.9786934,0.27418375,-5.6703806,-1.9548343,0.2770052,train
148,0.6959996,1.666071,0.8943046,-0.077530846,-0.055262394,-0.070921734,0.5641332,-0.10051695,-1.5021421,-5.7126126,-2.0009406,0.2698949,-5.6932807,-1.9799355,0.2767579,test
149,0.69478106,1.6644768,0.8936344,-0.056942977,-0.088244006,-0.02263132,1.08428,-0.96068597,-0.10229555,-5.749151,-2.0002003,0.26658136,-5.737654,-1.9745519,0.28400403,train
150,0.6935927,1.6628656,0.8929337,-0.06122297,-0.07929954,-0.039360873,1.6421305,-1.9011153,1.4095505,-5.7839203,-1.9990101,0.26372376,-5.792707,-2.012586,0.25995836,train
151,0.6923474,1.6613935,0.8919677,-0.06368143,-0.07284223,-0.05179572,1.7510875,-2.078632,1.7282634,-5.7856064,-2.0157862,0.2604257,-5.810436,-2.0313702,0.24946417,train
152,0.69110596,1.6599588,0.8908922,-0.06267489,-0.07234134,-0.055231396,1.4808571,-1.5995332,1.0304756,-5.792541,-2.031637,0.25680107,-5.836743,-2.0385787,0.25138316,train
153,0.6899122,1.6584853,0.8898202,-0.05982826,-0.07506748,-0.0539491,1.1788775,-1.064713,0.23228039,-5.8048825,-2.043973,0.2533512,-5.8212132,-2.032848,0.25701424,test
154,0.68876094,1.6569827,0.88875353,-0.05788997,-0.07616376,-0.053982563,1.0867552,-0.88671327,-0.00049052684,-5.8190303,-2.0546203,0.25002274,-5.8061843,-2.0332808,0.25697973,test
155,0.68766975,1.6554356,0.8876554,-0.054514654,-0.07876176,-0.05604624,1.1005877,-0.87060523,-0.061578345,-5.833653,-2.0662286,0.24668273,-5.8471413,-2.0573108,0.25180405,test
156,0.6865972,1.6538725,0.8865719,-0.054312125,-0.079020016,-0.05444782,1.0875207,-0.8552346,-0.0706085,-5.848253,-2.0761275,0.24403599,-5.838753,-2.0554056,0.2513488,train
157,0.68556124,1.6522853,0.88548684,-0.051960953,-0.08053254,-0.055030502,1.038003,-0.80529296,-0.06285782,-5.8569393,-2.08837,0.23938467,-5.8562903,-2.0697975,0.24719562,train
158,0.6845737,1.6506652,0.8843911,-0.049474925,-0.08225937,-0.055551972,1.0200735,-0.7775035,-0.070180126,-5.872301,-2.1000488,0.23603845,-5.881064,-2.0859878,0.24283196,train
159,0.6836318,1.6490126,0.8832893,-0.047223292,-0.083884686,-0.05579592,1.0184535,-0.762576,-0.07557513,-5.887693,-2.111384,0.23275916,-5.9055634,-2.1008842,0.23865302,train
160,0.6827286,1.6473399,0.88216823,-0.045352772,-0.08470642,-0.05698377,1.0285928,-0.7478879,-0.117258094,-5.9023786,-2.1229079,0.22929883,-5.926475,-2.1140137,0.23503406,train
161,0.6818681,1.6456352,0.88105464,-0.043089032,-0.086618535,-0.056124024,1.0284142,-0.7335128,-0.12804757,-5.917637,-2.1359386,0.22538333,-5.94648,-2.126206,0.23172133,train
162,0.6810516,1.6438928,0.87993354,-0.040876985,-0.08853436,-0.05687573,1.0292271,-0.74085164,-0.120964006,-5.932048,-2.1467023,0.22191292,-5.974838,-2.1433735,0.22706814,train
163,0.6802717,1.6421322,0.8787973,-0.039133042,-0.08914985,-0.05764291,1.0216461,-0.7321743,-0.13586532,-5.946151,-2.1569643,0.21879907,-5.990934,-2.154687,0.22375004,train
164,0.67952144,1.6403645,0.8776216,-0.037708372,-0.08943102,-0.06001513,0.994545,-0.68357027,-0.20096806,-5.9608765,-2.169681,0.2149315,-6.0064626,-2.167408,0.21965109,train
165,0.6788194,1.6385643,0.87643534,-0.034952536,-0.091502935,-0.05997913,0.9814635,-0.64446604,-0.27274314,-5.975515,-2.181216,0.21155423,-6.030135,-2.1827636,0.21603723,train
166,0.6779977,1.6370094,0.87484515,-0.043697946,-0.07466811,-0.08668611,0.72961044,-0.20025992,-0.9240055,-5.986277,-2.1947534,0.20784277,-5.959454,-2.1719546,0.21272613,train
167,0.67729086,1.6352975,0.87344766,-0.03344068,-0.09018267,-0.065803245,0.59826404,0.020396387,-1.2270695,-5.989879,-2.2123175,0.20344639,-5.9706616,-2.1804352,0.21591102,train
168,0.67714244,1.6326488,0.8734329,0.0003056864,-0.14737214,0.019217188,1.4809657,-1.5355815,1.1700824,-6.0321903,-2.2086418,0.20111178,-6.100473,-2.2138848,0.21630754,train
169,0.6769986,1.6300336,0.8733182,-0.009683162,-0.12770322,-0.013300446,2.3011389,-2.985564,3.3970838,-6.085017,-2.1977084,0.19913265,-6.0779386,-2.2276092,0.1864403,train
170,0.6767156,1.6277084,0.8727213,-0.015825197,-0.11454823,-0.035250846,2.2669036,-2.9233723,3.3113072,-6.082245,-2.220703,0.19573353,-6.1071935,-2.24501,0.18034513,train
171,0.6764127,1.6254619,0.8719367,-0.015263706,-0.11335882,-0.040961727,1.7711093,-2.0507917,1.9615921,-6.0876875,-2.2390308,0.19229199,-6.1041207,-2.2516909,0.18311782,train
172,0.67611,1.6232623,0.8710328,-0.015414551,-0.11066668,-0.047098238,1.1662059,-0.98145634,0.2993844,-6.101526,-2.2519,0.18920407,-6.2123637,-2.280435,0.1897193,test
173,0.6758835,1.6209748,0.87022686,-0.010340348,-0.117299795,-0.038747806,0.98908645,-0.66103697,-0.18146254,-6.1174397,-2.2648594,0.18563402,-6.195904,-2.2776756,0.19257472,test
174,0.6758714,1.6183419,0.8699034,0.00227825,-0.13810556,-0.009406385,1.2799044,-1.1880759,0.6438328,-6.1436973,-2.271026,0.182617,-6.214071,-2.2857041,0.19206353,train
175,0.675982,1.6155373,0.86979437,0.0065335636,-0.14312184,-0.004173105,1.7002914,-1.946748,1.8237284,-6.1754293,-2.27212,0.1802881,-6.190073,-2.29697,0.18166713,train
176,0.67653865,1.6119738,0.87082,0.03469234,-0.19175005,0.0692191,2.5529718,-3.4839973,4.2131934,-6.210215,-2.2750397,0.17833245,-6.2346687,-2.296431,0.16711293,test
177,0.6770469,1.608537,0.8715932,0.022904389,-0.16853018,0.030167365,3.0267334,-4.3505964,5.0,-6.2565503,-2.2688627,0.17657408,-6.34607,-2.3289208,0.15706362,train
178,0.67719364,1.6057924,0.87124914,0.0026307742,-0.12987544,-0.03175698,2.237328,-2.9441206,2.9321656,-6.24698,-2.2959363,0.17400125,-6.2691994,-2.3280573,0.1670117,train
179,0.67710835,1.6035079,0.8701642,-0.0065050717,-0.111262575,-0.061837994,0.8957465,-0.5432787,-0.66202366,-6.2310658,-2.3277056,0.17022699,-6.272251,-2.3400712,0.1747169,train
180,0.6769729,1.6013575,0.8688386,-0.007026098,-0.10809073,-0.06856826,-0.25281996,1.5179168,-3.728867,-6.2328916,-2.3487923,0.16605662,-6.2290807,-2.3535395,0.18436484,test
181,0.6768013,1.5993259,0.86729354,-0.009254962,-0.10120885,-0.081021525,-0.73704934,2.4042506,-4.9892983,-6.245091,-2.3635788,0.16196355,-6.286713,-2.388421,0.18137608,train
182,0.67678636,1.5970601,0.8660532,0.0017715136,-0.11879345,-0.057071306,-0.5273781,2.0485964,-4.3874493,-6.262265,-2.3766153,0.15813644,-6.309811,-2.39291,0.17927642,test
183,0.6773228,1.5938356,0.86622983,0.034818895,-0.17680813,0.029269109,0.7084427,-0.18329354,-0.9552229,-6.3063993,-2.371175,0.15609577,-6.3032637,-2.3492503,0.18141957,train
184,0.6780956,1.5902205,0.8669602,0.040352345,-0.18491693,0.039550442,2.1271515,-2.7692223,3.0161948,-6.3668036,-2.3553984,0.15474668,-6.3629403,-2.3783927,0.15445109,train
185,0.67840374,1.587488,0.86630964,0.007975183,-0.1241014,-0.054855164,2.0493286,-2.6510897,2.8769217,-6.3746285,-2.3725314,0.15165631,-6.3740687,-2.3961244,0.13825269,test
186,0.6785147,1.5851687,0.86498445,0.004838888,-0.115361966,-0.070644826,0.9279854,-0.61255354,-0.19317946,-6.347315,-2.4127932,0.1471645,-6.4324946,-2.4328542,0.14202009,train
187,0.6788599,1.5824722,0.8641832,0.021264482,-0.14296904,-0.031198649,0.31304556,0.52427393,-1.9186218,-6.367335,-2.4249039,0.14383876,-6.341438,-2.4085336,0.15534477,train
188,0.679264,1.579692,0.8634689,0.02014298,-0.14007959,-0.03748143,0.35104477,0.43444398,-1.777441,-6.402229,-2.423947,0.14117597,-6.3476195,-2.4161606,0.15068205,train
189,0.6795662,1.5771644,0.8623408,0.013759986,-0.12427529,-0.062905125,0.44384858,0.27318212,-1.5010693,-6.4119043,-2.4384937,0.1375752,-6.377076,-2.4374847,0.14119293,train
190,0.67980397,1.5748032,0.86089957,0.01145583,-0.118099295,-0.075844795,0.24018236,0.6737864,-2.104093,-6.421691,-2.4606194,0.13322733,-6.3934875,-2.4570808,0.13824584,train
191,0.6800042,1.5725608,0.8592552,0.009676751,-0.11214127,-0.085319124,-0.100151524,1.3183345,-3.0620482,-6.4321074,-2.4746928,0.12963644,-6.4228225,-2.4767413,0.13905667,train
192,0.68037874,1.5700364,0.85799736,0.021735352,-0.1325998,-0.05688185,0.013342691,1.1160271,-2.7238562,-6.4514236,-2.4872289,0.12530929,-6.4482493,-2.4804702,0.14065684,test
193,0.68077093,1.5675259,0.8566805,0.019221958,-0.12544884,-0.06945097,0.3141146,0.54504174,-1.8396621,-6.4797626,-2.4897223,0.122167334,-6.4377437,-2.4839478,0.12568112,test
194,0.6806668,1.5659945,0.8538302,-0.012777507,-0.06290653,-0.16696697,-0.33912015,1.774975,-3.6957994,-6.4779577,-2.5144596,0.11710536,-6.4249387,-2.5181856,0.11552225,test
195,0.6807856,1.5640892,0.85151243,0.011701126,-0.10673751,-0.10202049,-0.75140786,2.5456803,-4.8689117,-6.464363,-2.5474904,0.11187582,-6.491583,-2.52565,0.1309392,train
196,0.681354,1.561397,0.85034376,0.03392429,-0.14536709,-0.045878503,0.015312416,1.1183461,-2.7008615,-6.5186696,-2.533043,0.10885297,-6.528065,-2.5271888,0.12545632,train
197,0.6819374,1.5587281,0.84910077,0.028139481,-0.13203879,-0.06790867,0.8769419,-0.4775443,-0.27977824,-6.560751,-2.5297503,0.10581037,-6.653134,-2.5563388,0.10376306,train
198,0.68269557,1.5557767,0.84825605,0.041448213,-0.1547851,-0.034865346,1.6398095,-1.9012094,1.9028965,-6.5768604,-2.5442238,0.102163635,-6.597223,-2.5308394,0.10619007,train
199,0.6834764,1.5528235,0.8473785,0.038885143,-0.14797285,-0.0471051,1.8572909,-2.3200166,2.5631027,-6.6088905,-2.5467181,0.098965615,-6.615621,-2.5370126,0.09637226,train
200,0.6842206,1.5499818,0.8462935,0.03725074,-0.14268099,-0.057081413,1.6043283,-1.8697395,1.8990971,-6.621564,-2.5615368,0.09544015,-6.638356,-2.5550413,0.09560357,train
201,0.6849766,1.5471665,0.84513324,0.038528994,-0.14256445,-0.059010383,1.3534933,-1.4119495,1.2166008,-6.6372294,-2.5752957,0.09181517,-6.6714616,-2.5719652,0.093979195,train
202,0.6858302,1.5442061,0.8441458,0.04458921,-0.15219326,-0.047000106,1.2042747,-1.1477044,0.8057758,-6.6588855,-2.5853286,0.08841412,-6.691569,-2.581709,0.093017265,train
203,0.68679523,1.5410818,0.84338343,0.05009856,-0.16009483,-0.035775997,1.3248773,-1.388139,1.1803582,-6.685414,-2.5904756,0.085488856,-6.664414,-2.573567,0.093668565,test
204,0.68779993,1.537928,0.84263283,0.051042356,-0.1596406,-0.038424883,1.4416735,-1.6137589,1.5498801,-6.7114472,-2.5996947,0.08186759,-6.6713815,-2.5798154,0.08994146,test
205,0.6887954,1.5348312,0.84176207,0.050141484,-0.15601048,-0.045553643,1.3706416,-1.4927152,1.3869559,-6.729974,-2.61156,0.07858056,-6.6926136,-2.592113,0.085895255,train
206,0.68978494,1.5317996,0.8407482,0.05002961,-0.15281883,-0.05283101,1.1501602,-1.0708058,0.7493887,-6.7466383,-2.6247776,0.07512892,-6.767661,-2.6251616,0.07910605,train
207,0.6907683,1.5288278,0.83960897,0.049659457,-0.1498456,-0.05889753,0.89692163,-0.57781416,-0.01094761,-6.7656503,-2.638443,0.07164298,-6.8408933,-2.6564841,0.0729277,train
208,0.69173163,1.5259348,0.8383105,0.048449714,-0.14554568,-0.06756607,0.6616826,-0.13185588,-0.6953996,-6.7824,-2.6515377,0.0679311,-6.828985,-2.668661,0.068597004,test
209,0.6926967,1.523085,0.8369128,0.04893197,-0.14401579,-0.07147667,0.48714337,0.19568713,-1.1951663,-6.798362,-2.6642156,0.064321086,-6.8207717,-2.678801,0.06410919,test
210,0.6936727,1.5202626,0.8354416,0.049515516,-0.14267868,-0.075143665,0.38760534,0.38259348,-1.4657657,-6.817591,-2.67672,0.06038152,-6.823135,-2.687293,0.061408836,train
211,0.69466054,1.5174652,0.8338989,0.05011776,-0.1414381,-0.07874385,0.34260297,0.4723011,-1.5889059,-6.8368945,-2.6889822,0.05643328,-6.834736,-2.6967225,0.05863439,test
212,0.6956932,1.5146219,0.8324013,0.052893654,-0.14485992,-0.074665174,0.38217676,0.3908272,-1.4377785,-6.856817,-2.700271,0.052513346,-6.8554163,-2.704698,0.055051435,train
213,0.6978305,1.5096626,0.8340763,0.12500593,-0.28372118,0.1337759,2.1578245,-3.0973752,3.868787,-6.910169,-2.6892009,0.051022027,-6.7610865,-2.598813,0.05205937,train
214,0.70300466,1.4988083,0.84459966,0.3036574,-0.6311565,0.65489185,5.0,-5.0,5.0,-7.0980597,-2.586875,0.05927661,-7.2023025,-2.5643258,0.057048876,train
215,0.70838404,1.4875792,0.855626,0.2626003,-0.5496895,0.5293615,5.0,-5.0,5.0,-7.316037,-2.4595537,0.06942038,-7.181349,-2.5765514,0.054733265,train
216,0.71132565,1.4811305,0.85940385,0.114093594,-0.2584874,0.088636056,4.1107664,-4.0831194,3.9115717,-7.2342443,-2.55098,0.06803278,-7.1566243,-2.6624866,0.055663038,train
217,0.7126142,1.4779627,0.858243,0.050283495,-0.1305745,-0.10344132,-2.4306233,5.0,-5.0,-7.0624294,-2.7059731,0.06162737,-7.0143437,-2.7530217,0.053070206,train
218,0.71347326,1.4756787,0.8557175,0.041396715,-0.111231446,-0.13505141,-5.0,5.0,-5.0,-7.008014,-2.7769072,0.055060238,-7.0124164,-2.8180904,0.04248615,train
219,0.7143899,1.473331,0.85324156,0.047909047,-0.12135929,-0.122132,-5.0,5.0,-5.0,-7.0169806,-2.793201,0.05080545,-7.047153,-2.8305817,0.03897919,train
220,0.71543556,1.470781,0.8510327,0.05444226,-0.13165042,-0.10841924,-4.5877633,5.0,-5.0,-7.045262,-2.7982492,0.046724584,-7.068893,-2.8295016,0.037320454,test
221,0.71655,1.4681439,0.8489235,0.056993324,-0.13426551,-0.10600371,-3.324134,3.5558054,-3.5176232,-7.072317,-2.8046649,0.042516343,-7.0245457,-2.8289623,0.034228105,train
222,0.71769625,1.4654914,0.8468082,0.058315936,-0.13449752,-0.10714665,-2.3007815,2.3764117,-2.2704306,-7.0943875,-2.8146477,0.03817664,-7.00729,-2.8273916,0.033121545,test
223,0.7188718,1.4628279,0.84467965,0.059852947,-0.13515559,-0.10767084,-1.6164988,1.6907275,-1.6475451,-7.1152167,-2.8255153,0.03381214,-7.0729003,-2.843841,0.027983237,train
224,0.7200975,1.4601122,0.8425997,0.06269712,-0.13841905,-0.10429614,-1.107251,1.213619,-1.2543584,-7.136951,-2.8357918,0.029500287,-7.1247177,-2.856616,0.023959268,train
225,0.7213754,1.4573464,0.84056586,0.06527832,-0.1407328,-0.10227034,-0.668702,0.77930284,-0.8596742,-7.160546,-2.845297,0.0252254,-7.1715217,-2.8689017,0.020550001,train
226,0.7226896,1.4545528,0.83854437,0.06689395,-0.1418801,-0.102073,-0.31655902,0.42639247,-0.53537184,-7.184103,-2.8556793,0.020899275,-7.2004285,-2.875288,0.016185332,train
227,0.72404206,1.451734,0.8365233,0.06892334,-0.1432005,-0.10210267,-0.050300438,0.17342998,-0.33278948,-7.2055902,-2.86554,0.016777338,-7.236859,-2.8863416,0.010582883,test
228,0.7199014,1.46013,0.81754816,-0.29416168,0.5985436,-1.2230954,-5.0,5.0,-5.0,-7.0852203,-2.979521,0.004066965,-7.0672526,-2.916809,0.017461915,train
229,0.71716887,1.4657851,0.8026742,-0.09086527,0.19099453,-0.6094306,-5.0,5.0,-5.0,-6.777725,-3.2595828,-0.021326207,-7.234076,-2.9801621,-0.053263675,test
230,0.7180727,1.4640658,0.7989448,0.08738277,-0.17221473,-0.060171,-1.0930637,-1.6027745,4.369983,-7.067929,-3.0421188,-0.02576268,-7.1918836,-2.89674,0.0088425465,train
231,0.7211883,1.4578542,0.80195594,0.17913792,-0.35832652,0.2177078,5.0,-5.0,5.0,-7.309985,-2.863943,-0.02212511,-7.458072,-2.7714348,-0.015605431,test
232,0.724976,1.4502839,0.806977,0.19552657,-0.3912967,0.26580063,5.0,-5.0,5.0,-7.438791,-2.7871034,-0.017911358,-7.454371,-2.7624936,-0.015570771,train
233,0.72945637,1.4413242,0.81404376,0.23629452,-0.47311777,0.3863335,5.0,-5.0,5.0,-7.5003214,-2.7719445,-0.0145301465,-7.505104,-2.766386,-0.02232499,train
234,0.7328852,1.4345547,0.81778514,0.15435255,-0.30322927,0.12985022,4.9954286,-5.0,5.0,-7.5391645,-2.7736576,-0.013488547,-7.5896926,-2.8330493,-0.02476893,train
235,0.73541903,1.4296395,0.8187309,0.120273575,-0.23256196,0.02327195,1.4036311,1.4526538,-4.321374,-7.466061,-2.8687315,-0.017490508,-7.440166,-2.9005566,-0.012595754,train
236,0.7376659,1.42539,0.81861377,0.11172561,-0.21015003,-0.014465687,-1.7864813,5.0,-5.0,-7.450157,-2.9127748,-0.020841198,-7.488996,-2.9356952,-0.016461175,train
237,0.7395838,1.4218768,0.8173529,0.09260601,-0.16831262,-0.07855331,-3.9969814,5.0,-5.0,-7.461662,-2.9409866,-0.024100289,-7.4811525,-3.01443,-0.044255834,test
238,0.7404726,1.4205393,0.8128177,0.030492514,-0.037230905,-0.2754349,-5.0,5.0,-5.0,-7.438868,-2.988113,-0.030398393,-7.377914,-3.0476298,-0.05803458,test
239,0.74149865,1.4189696,0.80861473,0.058490895,-0.092653796,-0.19340017,-5.0,5.0,-5.0,-7.4044275,-3.0475624,-0.03823012,-7.404506,-3.056611,-0.06411575,train
240,0.7434004,1.4156095,0.80705345,0.107787214,-0.19413696,-0.043813687,-3.5291057,3.2171898,-2.9508836,-7.469748,-3.0197034,-0.041798986,-7.474089,-3.0302238,-0.03734536,train
241,0.7459915,1.4108557,0.80755645,0.13828658,-0.255295,0.0469904,-0.39003313,-2.304604,4.809959,-7.5504785,-2.9762266,-0.04254819,-7.5818987,-3.035255,-0.04392199,train
242,0.747115,1.409227,0.8033524,0.03205204,-0.029904615,-0.29183185,-0.24458615,-1.7366741,3.559673,-7.564297,-2.9934955,-0.04752683,-7.5684447,-3.0407724,-0.03654359,train
243,0.7482793,1.4075592,0.7991931,0.06714945,-0.10141551,-0.18550402,-1.8542339,2.3228624,-2.8236587,-7.4916973,-3.0910864,-0.05613076,-7.507937,-3.065495,-0.06881301,train
244,0.74923354,1.4063995,0.7942255,0.042585373,-0.04595184,-0.27137053,-2.9930546,5.0,-5.0,-7.5346637,-3.0781977,-0.061715484,-7.559363,-3.0858235,-0.06732659,train
245,0.75141037,1.4026943,0.7930609,0.13081422,-0.23126827,0.0062017017,-1.5937349,2.5375211,-1.9434597,-7.5638466,-3.0867171,-0.066216305,-7.554505,-3.0258918,-0.055959504,train
246,0.7509899,1.404612,0.78340435,-0.06756204,0.197227,-0.639861,-3.0281487,5.0,-5.0,-7.5968523,-3.0769203,-0.072679244,-7.620744,-3.12434,-0.08687435,train
247,0.75368875,1.3998811,0.7837473,0.19886895,-0.37346727,0.21830977,-1.3469975,1.9471375,-1.0308232,-7.5252767,-3.1958325,-0.08216399,-7.725314,-3.0207076,-0.055616897,test
248,0.7532176,1.4020616,0.7736124,-0.091667816,0.25809768,-0.73619866,-2.1612484,4.230365,-5.0,-7.687366,-3.0428796,-0.08361452,-7.6228347,-3.1166253,-0.08445571,train
249,0.75389504,1.4018092,0.76716155,0.0726852,-0.09584345,-0.20128967,-4.230021,5.0,-5.0,-7.4950705,-3.2840767,-0.100253865,-7.6457925,-3.1510472,-0.10272358,test
250,0.7573394,1.3955694,0.76972646,0.20538467,-0.38372764,0.23130666,1.9417688,-5.0,5.0,-7.7076435,-3.0952969,-0.098341405,-7.756522,-3.0410447,-0.07065542,train
251,0.76092154,1.3890638,0.7726493,0.1739597,-0.3132418,0.12304591,5.0,-5.0,5.0,-7.8389754,-2.9864585,-0.09476986,-7.882301,-2.9893947,-0.10091375,train
252,0.763943,1.383814,0.77365345,0.14652634,-0.25175172,0.029247629,5.0,-5.0,5.0,-7.828538,-3.0378602,-0.09724838,-7.8803935,-3.0067816,-0.10080697,train
253,0.76628196,1.3801007,0.77232957,0.10981844,-0.16891672,-0.09601369,2.9696038,-1.5612669,0.20988806,-7.816049,-3.0876253,-0.10144683,-7.848957,-3.083262,-0.10926865,test
254,0.7682795,1.3771868,0.7697744,0.09848273,-0.14139128,-0.13919315,-0.25335902,4.7152495,-5.0,-7.8041615,-3.1395311,-0.10711745,-7.8493547,-3.1125755,-0.08481906,train
255,0.77048254,1.3738636,0.7678074,0.11551046,-0.17689277,-0.08713557,-1.4122974,5.0,-5.0,-7.822192,-3.1567338,-0.111491136,-7.8774185,-3.1394348,-0.09887622,train
256,0.7726475,1.37066,0.76563954,0.10780343,-0.15812929,-0.11629535,-1.4143599,4.826901,-5.0,-7.8549805,-3.1531363,-0.11518791,-7.8764777,-3.1486535,-0.100968644,train
257,0.7750909,1.3668842,0.7643127,0.12854633,-0.20172207,-0.051811498,-0.6384746,2.9690483,-2.770911,-7.8769264,-3.1651483,-0.11920144,-7.834602,-3.1379676,-0.12327008,train
258,0.7775332,1.3631626,0.76287735,0.12214521,-0.18481454,-0.078646295,0.10170205,1.2359849,-0.6144891,-7.915927,-3.1590362,-0.12247069,-7.9422326,-3.1878219,-0.1401835,train
259,0.7797855,1.3599002,0.7607451,0.111553214,-0.15960428,-0.11652438,0.002058697,1.3814405,-1.169023,-7.9308147,-3.180878,-0.12695171,-7.935967,-3.1969995,-0.14371638,train
260,0.78193676,1.3569019,0.75818896,0.10811134,-0.14985947,-0.13298674,-0.36698198,2.1292646,-2.564155,-7.941983,-3.2033,-0.13198061,-7.931441,-3.1956916,-0.13469748,train
261,0.7841531,1.3538151,0.7557279,0.11346054,-0.1587035,-0.12167556,-0.6201336,2.649905,-3.6035922,-7.9624305,-3.2156472,-0.13624287,-7.960942,-3.2020864,-0.1303416,test
262,0.7864258,1.3506442,0.7533753,0.1155559,-0.16155899,-0.11795727,-0.4629562,2.2694058,-3.2360659,-7.9908853,-3.2218285,-0.14048365,-7.9635744,-3.2049613,-0.1367604,test
263,0.788723,1.347458,0.75102973,0.116530634,-0.16170622,-0.11862446,-0.18446021,1.6138742,-2.397087,-8.014242,-3.2303867,-0.14500207,-8.0167885,-3.226777,-0.14846753,train
264,0.7910331,1.3442848,0.7486447,0.11708974,-0.1608105,-0.121026784,0.015419734,1.132636,-1.7743713,-8.037008,-3.2402918,-0.14947474,-8.062703,-3.247767,-0.1591504,train
265,0.79338014,1.3410625,0.7463178,0.11936427,-0.16433503,-0.11645488,0.13559034,0.8159665,-1.3676479,-8.05986,-3.2498903,-0.15389463,-8.08932,-3.2590203,-0.16684498,test
266,0.7958016,1.3377173,0.7441611,0.12357909,-0.17139144,-0.106594056,0.31662655,0.3762667,-0.75853187,-8.084394,-3.2569659,-0.15821321,-8.137633,-3.2749352,-0.17233942,test
267,0.7982784,1.3342954,0.7420855,0.12595502,-0.17431392,-0.10423786,0.52335495,-0.09699667,-0.11438943,-8.112119,-3.2640514,-0.16245478,-8.1845255,-3.290691,-0.17691223,train
268,0.80072194,1.3309882,0.7398228,0.12303309,-0.16584368,-0.1173256,0.5625411,-0.19116868,-0.029271666,-8.135751,-3.273466,-0.16646513,-8.190574,-3.2984896,-0.1811667,test
269,0.8027971,1.3285762,0.73619354,0.099593654,-0.10919567,-0.20366515,-0.11010282,1.3567295,-2.3918467,-8.148211,-3.2949073,-0.17182708,-8.209297,-3.3251758,-0.18375333,train
270,0.805033,1.3258411,0.7330372,0.11737019,-0.14791751,-0.1460571,-0.5468804,2.3636036,-3.9249396,-8.159004,-3.325109,-0.17778698,-8.168506,-3.2892566,-0.16430493,train
271,0.8076314,1.322309,0.7310529,0.13588274,-0.18880951,-0.08616015,0.049142282,0.9766838,-1.8577374,-8.199178,-3.3119261,-0.18174016,-8.187272,-3.290594,-0.18568923,test
272,0.81043196,1.3183441,0.72970873,0.14359072,-0.20494635,-0.06211707,1.0361204,-1.327597,1.5936528,-8.236815,-3.3005679,-0.18477394,-8.162291,-3.2690554,-0.18695484,train
273,0.81358737,1.3135918,0.7295206,0.16468282,-0.25211182,0.0069565424,2.2702138,-4.2210455,5.0,-8.272466,-3.2970884,-0.18771419,-8.301349,-3.292945,-0.17413081,train
274,0.81641865,1.3096296,0.7281259,0.1368324,-0.18538935,-0.09386639,2.314219,-4.3514423,5.0,-8.302582,-3.294564,-0.19025339,-8.30653,-3.293993,-0.17105608,train
275,0.81924397,1.3057239,0.7266347,0.14493844,-0.2020885,-0.06948214,1.6420112,-2.8055387,2.9018803,-8.310069,-3.332331,-0.19500352,-8.220656,-3.2762837,-0.17920195,train
276,0.8222226,1.3014957,0.72561204,0.15259719,-0.21831812,-0.045949794,1.3739315,-2.199757,2.1732464,-8.342233,-3.3331418,-0.19846095,-8.249667,-3.2941556,-0.19091578,train
277,0.82526994,1.2971389,0.7247627,0.15480022,-0.22186443,-0.04167566,1.288073,-2.029293,2.0636876,-8.371506,-3.3350792,-0.20152257,-8.271743,-3.3032522,-0.19708644,test
278,0.8284246,1.2925665,0.72420543,0.16121338,-0.23506042,-0.023668637,1.544766,-2.6577058,3.0943747,-8.398566,-3.341133,-0.20438658,-8.335081,-3.3194098,-0.19740726,test
279,0.83034027,1.2909633,0.7191799,0.077426784,-0.0345187,-0.32452178,-0.39941388,1.931914,-3.711755,-8.402009,-3.3711646,-0.20916408,-8.342416,-3.4007473,-0.2237346,train
280,0.83277345,1.2881992,0.7158952,0.13716726,-0.17274098,-0.11765069,-1.7217253,5.0,-5.0,-8.388913,-3.4531589,-0.21792348,-8.488277,-3.390634,-0.20701219,test
281,0.8358101,1.2840165,0.714713,0.15880801,-0.22432785,-0.041796733,-0.6412657,2.4405625,-1.736537,-8.455672,-3.3949494,-0.22043024,-8.393567,-3.3600864,-0.22850038,test
282,0.83889157,1.279764,0.71360254,0.1551602,-0.21314725,-0.060186256,0.6068391,-0.54717714,2.2548325,-8.486549,-3.3796718,-0.22238244,-8.51369,-3.4063053,-0.23987077,train
283,0.84191394,1.2756935,0.71221113,0.1523757,-0.20453013,-0.073153235,1.5235862,-2.725182,5.0,-8.509126,-3.3961508,-0.22609857,-8.587613,-3.428115,-0.22806124,train
284,0.84487766,1.2717974,0.71053594,0.14934832,-0.19562781,-0.087952726,1.2181116,-2.0069814,3.6469,-8.530929,-3.4114556,-0.23027103,-8.544072,-3.4132757,-0.23180912,train
285,0.84766406,1.2683681,0.70814586,0.13856074,-0.16746432,-0.13069005,0.49599996,-0.2681996,0.82716054,-8.548806,-3.427927,-0.23432583,-8.564751,-3.4384103,-0.24675576,train
286,0.8508871,1.2639265,0.7072755,0.1707082,-0.24310067,-0.017199656,0.6739146,-0.6988852,1.3361626,-8.575985,-3.44109,-0.23871005,-8.527396,-3.3958516,-0.25402293,train
287,0.8538453,1.2601491,0.70541096,0.14338611,-0.1759566,-0.11753617,0.7454794,-0.8878077,1.5432184,-8.610708,-3.4265535,-0.24192575,-8.552947,-3.4287887,-0.2508058,train
288,0.8564202,1.2573587,0.7020084,0.12641656,-0.13120869,-0.18858571,-0.15239255,1.3035797,-1.8718073,-8.613691,-3.4713223,-0.2473996,-8.639788,-3.4896421,-0.26673093,train
289,0.85891837,1.254804,0.6982306,0.12651883,-0.12931022,-0.19170943,-1.0003238,3.4031737,-5.0,-8.628404,-3.500127,-0.25246242,-8.6581745,-3.4775357,-0.24670212,train
290,0.8624619,1.2497369,0.69821566,0.19556606,-0.29622063,0.057957146,0.12542212,0.66471267,-1.0296834,-8.669692,-3.4891777,-0.25651622,-8.554692,-3.3945441,-0.26750037,test
291,0.86591226,1.2449123,0.6978196,0.16831453,-0.22902277,-0.043387666,1.7308214,-3.2817178,4.804411,-8.721772,-3.4326572,-0.2571751,-8.742337,-3.4824185,-0.25383544,train
292,0.868777,1.2415594,0.6952192,0.13794954,-0.15217932,-0.15818104,1.3332032,-2.345077,3.3945875,-8.722335,-3.4810913,-0.26180667,-8.653022,-3.465777,-0.25799146,train
293,0.87143964,1.238757,0.6917728,0.13387382,-0.13929166,-0.17907682,0.050135475,0.8094303,-1.3546668,-8.731427,-3.5279362,-0.26818672,-8.782561,-3.5351176,-0.28859094,train
294,0.8740706,1.2360862,0.6881103,0.13302347,-0.13451657,-0.1869909,-1.1828042,3.8767192,-5.0,-8.753016,-3.543855,-0.27351263,-8.761714,-3.5142045,-0.26897517,train
295,0.8767137,1.233404,0.6844547,0.13408369,-0.13674796,-0.18411724,-1.4136077,4.451151,-5.0,-8.774675,-3.5547128,-0.27896056,-8.768006,-3.513928,-0.27139387,train
296,0.8793985,1.2306638,0.68086135,0.13651991,-0.13990216,-0.18087716,-1.1035663,3.6741438,-4.259474,-8.7934675,-3.5599487,-0.2838205,-8.764194,-3.519927,-0.28348115,train
297,0.88197464,1.228241,0.6767819,0.12859207,-0.11791903,-0.21400057,-0.970176,3.3571067,-4.1118984,-8.815982,-3.5707471,-0.2892051,-8.766072,-3.53157,-0.2914937,train
298,0.88476366,1.2253419,0.6733815,0.14507937,-0.15618674,-0.1590018,-0.59465575,2.456175,-3.049745,-8.838998,-3.5851622,-0.29501086,-8.816152,-3.549018,-0.30587667,train
299,0.88768876,1.2221383,0.6704432,0.14903462,-0.16462812,-0.14524175,0.051710647,0.87445396,-0.88568,-8.870124,-3.5757108,-0.29916367,-8.9106455,-3.5675163,-0.30675122,train
300,0.89026207,1.219861,0.66610056,0.124591485,-0.10069586,-0.24226397,-0.10231672,1.2754201,-1.619226,-8.888082,-3.5895414,-0.30484873,-8.88866,-3.592723,-0.32024267,train
301,0.8928752,1.217522,0.6618201,0.13467743,-0.124383785,-0.2085513,-0.42697042,2.0915818,-2.98885,-8.901665,-3.6236594,-0.31131226,-8.910006,-3.596479,-0.32667765,test
302,0.89560884,1.2149544,0.657877,0.13956583,-0.13224559,-0.19653483,-0.40033334,2.064895,-3.0524411,-8.927994,-3.6200125,-0.31630063,-8.933879,-3.6027513,-0.33155984,train
303,0.8986775,1.2115495,0.65518785,0.16020592,-0.18529299,-0.1173166,0.299823,0.29443067,-0.46328515,-8.961706,-3.6219318,-0.32215598,-9.020722,-3.596408,-0.32565454,train
304,0.9019675,1.2076058,0.6532916,0.16853115,-0.20471148,-0.089074545,1.4210602,-2.6131444,3.8519847,-8.98739,-3.6006467,-0.32497466,-8.985871,-3.5926433,-0.32019356,test
305,0.90515494,1.2039683,0.65090764,0.15921062,-0.1784762,-0.12992325,1.7668867,-3.527414,5.0,-9.011729,-3.6039307,-0.3286739,-9.052386,-3.6094327,-0.32420078,train
306,0.90785134,1.2016324,0.6465555,0.1296163,-0.10031641,-0.24756849,0.8151934,-1.1042386,1.3343885,-9.025616,-3.6345437,-0.33392084,-8.990101,-3.6117616,-0.33782288,train
307,0.91063124,1.1991429,0.64242566,0.1441645,-0.13444412,-0.19696991,-0.18787359,1.5079215,-2.5948162,-9.041902,-3.675488,-0.3411201,-9.09367,-3.663014,-0.36110345,train
308,0.91366976,1.1960195,0.63923275,0.15681033,-0.16596934,-0.15047891,-0.14517377,1.4117925,-2.4521904,-9.073338,-3.6657867,-0.34615618,-9.081944,-3.6464067,-0.3617389,train
309,0.9169165,1.1923908,0.63678354,0.16670732,-0.18976958,-0.11550356,0.5706636,-0.45782754,0.35395512,-9.099274,-3.6555297,-0.34996077,-9.234103,-3.6745758,-0.36161968,train
310,0.92017716,1.1887546,0.6343408,0.1646106,-0.1829562,-0.12574442,1.2405794,-2.2256875,3.0194635,-9.124275,-3.654031,-0.35390663,-9.083832,-3.638432,-0.35391495,train
311,0.92342794,1.1851839,0.63178796,0.1645952,-0.18070456,-0.12989946,1.3058896,-2.4307375,3.3444798,-9.146119,-3.6662118,-0.35852242,-9.117075,-3.6526284,-0.3572711,train
312,0.9266798,1.1816459,0.6291707,0.16466957,-0.17923428,-0.13288632,1.1143851,-1.9503258,2.6282415,-9.169725,-3.6764562,-0.36301658,-9.123917,-3.6558633,-0.36631837,test
313,0.9299363,1.1781305,0.6265,0.16495523,-0.1781839,-0.1355067,0.87551105,-1.3463213,1.7095655,-9.191852,-3.6854007,-0.36734834,-9.163272,-3.6685781,-0.37546888,train
314,0.9332053,1.1746193,0.623812,0.16569383,-0.17821382,-0.13585225,0.7300192,-0.977655,1.1434804,-9.214431,-3.694137,-0.37170923,-9.242831,-3.6909318,-0.3813426,train
315,0.93638915,1.171374,0.62071854,0.1598417,-0.16059527,-0.16254875,0.4779021,-0.3175033,0.16289707,-9.236642,-3.705322,-0.37649664,-9.301523,-3.7116117,-0.3810646,train
316,0.93968666,1.1678562,0.6180285,0.16914095,-0.18404332,-0.12773801,0.41598123,-0.1706014,-0.035036657,-9.2603035,-3.7197185,-0.3816903,-9.355094,-3.7248096,-0.38749945,test
317,0.9429939,1.16436,0.6152695,0.16693972,-0.1754252,-0.14291333,0.48314056,-0.3512899,0.21608712,-9.282979,-3.717537,-0.38554662,-9.388612,-3.7408137,-0.3932818,test
318,0.94622594,1.1611093,0.61212325,0.16264814,-0.16178837,-0.16388248,0.3572266,0.0051733465,-0.36160144,-9.305853,-3.7317133,-0.389994,-9.380913,-3.7436814,-0.39363667,train
319,0.94913995,1.1587472,0.607635,0.14294176,-0.10710627,-0.2461939,-0.2829076,1.7328931,-2.9661233,-9.324313,-3.753485,-0.39556688,-9.323964,-3.7598224,-0.41375133,train
320,0.95214707,1.1561811,0.60344213,0.15510762,-0.13739337,-0.2015539,-0.773188,3.0586812,-4.9501133,-9.344999,-3.7837918,-0.40243056,-9.238901,-3.7081256,-0.41317496,test
321,0.9553568,1.1531084,0.6000026,0.16477972,-0.16164865,-0.1653755,-0.4729011,2.2504954,-3.711873,-9.37025,-3.7748864,-0.40724203,-9.309773,-3.7321343,-0.42708626,test
322,0.958669,1.1497806,0.5969391,0.16860537,-0.1711038,-0.15155724,0.1171944,0.6295777,-1.2518151,-9.393144,-3.7702546,-0.41172317,-9.4318495,-3.764361,-0.4127927,test
323,0.9620746,1.1462456,0.59416765,0.17360216,-0.18193208,-0.13646987,0.729523,-1.042174,1.2620636,-9.41468,-3.7716951,-0.41595796,-9.486856,-3.7824674,-0.42455512,test
324,0.9654983,1.142697,0.59140337,0.17327723,-0.17949809,-0.1405966,0.9635855,-1.6831285,2.219534,-9.43938,-3.7759142,-0.42027688,-9.430331,-3.7744427,-0.42802912,test
325,0.9689416,1.1391184,0.5886827,0.17466791,-0.18222658,-0.13645208,0.9583778,-1.6977036,2.2544498,-9.460988,-3.7846594,-0.4247943,-9.444412,-3.7792583,-0.4323509,train
326,0.9724,1.1355231,0.5859915,0.17524044,-0.1824895,-0.1357752,0.88267064,-1.5342221,2.051015,-9.481828,-3.791129,-0.42927235,-9.467116,-3.7861552,-0.43689325,train
327,0.97588027,1.1319236,0.58327985,0.17651261,-0.18267053,-0.13732818,0.786757,-1.2774636,1.6778558,-9.504785,-3.79964,-0.43386242,-9.541845,-3.8095875,-0.44261217,train
328,0.97940904,1.1282235,0.5807094,0.17932461,-0.18928304,-0.12752117,0.7731207,-1.2262403,1.5877249,-9.530597,-3.808025,-0.4382319,-9.571514,-3.8161454,-0.44708347,train
329,0.98292613,1.1245809,0.57805496,0.17769654,-0.1834305,-0.13606358,0.7180574,-1.086081,1.3890655,-9.551193,-3.8132963,-0.44247743,-9.580662,-3.8186808,-0.44866052,test
330,0.9863935,1.1211172,0.5750942,0.17490917,-0.17336343,-0.15370539,0.5316928,-0.5774361,0.59705436,-9.572654,-3.8253913,-0.44707704,-9.615539,-3.834148,-0.45041505,train
331,0.98990273,1.1175724,0.5722457,0.1785276,-0.18183056,-0.14090365,0.4065212,-0.2416345,0.06244603,-9.595238,-3.836389,-0.45129222,-9.637551,-3.8394642,-0.45347068,test
332,0.99346566,1.1139086,0.5695725,0.1809675,-0.18710147,-0.1332262,0.42760366,-0.3127858,0.16916575,-9.617517,-3.840128,-0.455802,-9.656623,-3.8450127,-0.4584103,test
333,0.9970513,1.1102132,0.5669378,0.18172166,-0.18757035,-0.1330159,0.50141287,-0.53364086,0.512308,-9.639301,-3.8456154,-0.46011305,-9.674308,-3.8505564,-0.4635434,test
334,1.0006434,1.1065328,0.56426924,0.18192108,-0.18641639,-0.13532254,0.53504485,-0.6442049,0.6999376,-9.661228,-3.8535378,-0.4644392,-9.687219,-3.8566742,-0.46804264,test
335,1.0042381,1.102879,0.5615493,0.18203326,-0.18500419,-0.13801208,0.4852863,-0.51443267,0.50953877,-9.683256,-3.8622737,-0.46881318,-9.70271,-3.8627362,-0.47121575,test
336,1.0078324,1.0992634,0.5587548,0.18196876,-0.18289015,-0.14212158,0.40455574,-0.28790134,0.15934388,-9.705295,-3.8711827,-0.4732066,-9.719526,-3.8702312,-0.47458723,test
337,1.0114273,1.0956793,0.5559039,0.18201919,-0.18145108,-0.14459644,0.32761836,-0.07193798,-0.1720922,-9.727358,-3.8802598,-0.4776137,-9.7373495,-3.878457,-0.47909775,train
338,1.0150242,1.0921177,0.5530159,0.18214926,-0.18038636,-0.14629377,0.26683,0.08749243,-0.39840707,-9.748776,-3.888967,-0.4821852,-9.7538,-3.8855033,-0.48350373,train
339,1.0186211,1.0885909,0.55006325,0.18210089,-0.17839783,-0.15004987,0.21742186,0.21595435,-0.5786864,-9.770009,-3.8975303,-0.4867655,-9.778237,-3.895927,-0.48831674,train
340,1.0222182,1.0850995,0.54704225,0.1821312,-0.17664552,-0.15342167,0.17665055,0.329228,-0.749526,-9.791759,-3.9064443,-0.4912659,-9.802227,-3.9060326,-0.4931251,train
341,1.0258123,1.0816476,0.54394454,0.18192253,-0.17454763,-0.15746033,0.1378032,0.43731663,-0.9284478,-9.813049,-3.9150808,-0.4957731,-9.825201,-3.9158182,-0.4979544,test
342,1.0294048,1.0782375,0.5407738,0.1818787,-0.17242272,-0.16105625,0.10182549,0.542293,-1.1004487,-9.833601,-3.9234486,-0.5002422,-9.845145,-3.9243917,-0.50255376,train
343,1.0330116,1.0748229,0.5376021,0.18283688,-0.17334917,-0.1600249,0.09823476,0.5594735,-1.1224495,-9.855945,-3.9326084,-0.5051003,-9.866403,-3.9321494,-0.50693446,train
344,1.0365953,1.0715173,0.53425,0.18102024,-0.16583064,-0.17226176,0.065926984,0.67084366,-1.2892817,-9.877361,-3.9409642,-0.5098259,-9.88318,-3.9412537,-0.51158816,train
345,1.0401412,1.0683622,0.5306517,0.17907076,-0.15814398,-0.18480885,-0.036974657,0.9950859,-1.791481,-9.899733,-3.9533646,-0.51476306,-9.906334,-3.95396,-0.5174865,train
346,1.0436913,1.0652182,0.52703243,0.17993864,-0.15976852,-0.1823593,-0.111033276,1.2031273,-2.1073987,-9.920807,-3.9640913,-0.51976585,-9.9121065,-3.955768,-0.5223056,train
347,1.047557,1.0611633,0.52481145,0.20054464,-0.2196495,-0.09068529,0.36837405,-0.25842285,0.15446867,-9.941282,-3.9633617,-0.52456254,-10.010669,-3.9645772,-0.51925117,test
348,1.0513794,1.0572788,0.52230096,0.19138125,-0.1899244,-0.13778305,0.8140294,-1.5958002,2.2017171,-9.9540415,-3.9447727,-0.5273215,-9.989436,-3.9835978,-0.5336111,train
349,1.0550658,1.0538332,0.5191164,0.18517795,-0.16993693,-0.1679761,0.677421,-1.1834755,1.5707921,-9.979767,-3.9696279,-0.5319877,-9.945293,-3.9716797,-0.5322248,train
350,1.0587307,1.0504823,0.5157806,0.18567272,-0.1698009,-0.16875803,0.35784325,-0.22913654,0.120659105,-10.003249,-3.987444,-0.5372852,-9.969505,-3.9717517,-0.5306548,train
351,1.0625361,1.0467359,0.5130363,0.19479626,-0.19605462,-0.1294226,0.26421136,0.027899018,-0.27737868,-10.02374,-3.9915633,-0.5418462,-10.0629425,-3.9939141,-0.5368609,train
352,1.0663652,1.0429511,0.5103363,0.19357729,-0.19051445,-0.13849781,0.44799605,-0.54673606,0.59528434,-10.038812,-3.9855168,-0.54523957,-10.049899,-3.9949236,-0.53821117,test
353,1.0701708,1.0392736,0.5074636,0.19238964,-0.18507247,-0.14714333,0.5109123,-0.73579204,0.8766946,-10.061026,-3.9967387,-0.54966784,-10.056005,-4.0023427,-0.5424865,train
354,1.0739734,1.035639,0.5045176,0.19255853,-0.18389404,-0.14934622,0.4502548,-0.5465203,0.5914682,-10.083218,-4.007515,-0.55428994,-10.073667,-4.007461,-0.5464343,train
355,1.0777872,1.0320026,0.5015648,0.19324018,-0.18435706,-0.1491279,0.33951244,-0.20881566,0.082715474,-10.103997,-4.0155387,-0.55875295,-10.1020775,-4.0151677,-0.5512184,train
356,1.0816133,1.0283588,0.49861908,0.19385263,-0.18468907,-0.14872678,0.30065012,-0.098103404,-0.07295669,-10.124107,-4.022562,-0.5631411,-10.121487,-4.0218296,-0.55553085,test
357,1.0854527,1.0247064,0.4956748,0.19453411,-0.18513745,-0.14875491,0.29731023,-0.09816771,-0.0657951,-10.144327,-4.0297985,-0.5676016,-10.144161,-4.0303164,-0.5597128,train
358,1.0893047,1.0210469,0.49272853,0.1951661,-0.18545845,-0.14887463,0.3004277,-0.11590447,-0.044275228,-10.164118,-4.0365334,-0.5718432,-10.164454,-4.037942,-0.5637365,train
359,1.0931687,1.0173817,0.48978025,0.19576642,-0.18570961,-0.14897296,0.30120635,-0.1250526,-0.037951875,-10.183924,-4.043415,-0.5761304,-10.183212,-4.044929,-0.5677141,train
360,1.0970631,1.0136609,0.48689803,0.19758204,-0.18930987,-0.14457525,0.32949677,-0.20857453,0.06843244,-10.204027,-4.0500774,-0.58043134,-10.2155905,-4.0560145,-0.5719716,train
361,1.1009637,1.0099487,0.48399642,0.19744676,-0.18761045,-0.14719954,0.3477044,-0.26556268,0.14628403,-10.223476,-4.0555625,-0.5845311,-10.223547,-4.060533,-0.5758005,test
362,1.104867,1.0062555,0.48106366,0.19765396,-0.1868549,-0.14845671,0.32904503,-0.22255793,0.0967458,-10.2431135,-4.0636435,-0.5889707,-10.23622,-4.065394,-0.5796208,test
363,1.1087767,1.0025702,0.47811216,0.19801983,-0.1865451,-0.14931512,0.2980168,-0.14582863,0.0013262824,-10.26268,-4.071208,-0.593382,-10.253922,-4.071665,-0.5836436,train
364,1.1126994,0.99886924,0.4751857,0.19876543,-0.18765014,-0.1473982,0.2728286,-0.09350508,-0.045499448,-10.281866,-4.078203,-0.597729,-10.265657,-4.075202,-0.58716923,train
365,1.1166396,0.99515617,0.47225568,0.19969209,-0.18809588,-0.14821497,0.2786118,-0.1087813,-0.022680867,-10.301254,-4.084846,-0.60210264,-10.303102,-4.0899925,-0.59245324,train
366,1.120587,0.9914438,0.46931738,0.19987616,-0.18789795,-0.14851448,0.28295192,-0.12112462,-0.019031238,-10.321401,-4.0917687,-0.6062387,-10.3107195,-4.0929914,-0.59611994,train
367,1.1245562,0.98771983,0.4663571,0.20126694,-0.1887025,-0.14987339,0.2975539,-0.13304149,-0.055220526,-10.34005,-4.098253,-0.61036426,-10.367595,-4.114892,-0.60254645,train
368,1.1285237,0.98400986,0.46339557,0.20073548,-0.18750364,-0.14954597,0.29089347,-0.10722272,-0.10222862,-10.361384,-4.1056566,-0.61455756,-10.339228,-4.103537,-0.60420793,train
369,1.1325055,0.98028666,0.46043906,0.20183592,-0.18873277,-0.14931297,0.2755798,-0.08905251,-0.100612,-10.378153,-4.112627,-0.6191784,-10.380048,-4.119103,-0.60949755,train
370,1.1364801,0.97657263,0.45748678,0.20101821,-0.18773314,-0.1491064,0.2443892,-0.072381705,-0.07559281,-10.395616,-4.1182857,-0.62316954,-10.354165,-4.109252,-0.61108655,train
371,1.1404773,0.97284836,0.45453432,0.20276307,-0.1886754,-0.14917958,0.22798401,-0.059645914,-0.045272876,-10.41018,-4.1237392,-0.62732923,-10.407006,-4.1299667,-0.6168428,test
372,1.1444793,0.9691325,0.4515553,0.20253913,-0.18782397,-0.15091364,0.23340805,-0.051962115,-0.07271659,-10.435157,-4.1332645,-0.6320909,-10.413889,-4.1327996,-0.6207686,train
373,1.1484976,0.9653997,0.448578,0.20369203,-0.1891805,-0.15026951,0.23839837,-0.054093152,-0.10441793,-10.450448,-4.1383104,-0.6358372,-10.450553,-4.1463466,-0.6259606,train
374,1.1525457,0.9616441,0.44562373,0.20530985,-0.19022048,-0.14894284,0.28661445,-0.10794171,-0.07100136,-10.471592,-4.1452413,-0.640069,-10.479182,-4.15735,-0.63094145,test
375,1.1565913,0.95788956,0.44267693,0.20464578,-0.18984441,-0.14885603,0.29657748,-0.13710651,-0.012307013,-10.495326,-4.154849,-0.6451685,-10.463017,-4.1514273,-0.63359684,train
376,1.1606394,0.95413953,0.43970537,0.20500818,-0.18963356,-0.15051877,0.27471533,-0.13232426,-0.0070562763,-10.505477,-4.1577415,-0.6485878,-10.4931135,-4.163454,-0.63833773,train
377,1.1646993,0.9503897,0.43671826,0.20568192,-0.18965325,-0.15103994,0.25246447,-0.10219546,-0.060008217,-10.522734,-4.1635575,-0.6524024,-10.517594,-4.1725883,-0.6426603,test
378,1.1687695,0.94664234,0.43372092,0.20615144,-0.18945597,-0.15155649,0.23822346,-0.06815744,-0.11802992,-10.542688,-4.1711574,-0.6568229,-10.53375,-4.1784787,-0.6467025,train
379,1.1728474,0.94289976,0.43070957,0.20651536,-0.18916993,-0.15232484,0.23673427,-0.038501374,-0.1639212,-10.561555,-4.178433,-0.661206,-10.5481825,-4.183865,-0.65090126,train
380,1.1769372,0.93916094,0.42767563,0.20719336,-0.18897796,-0.15358318,0.23811395,-0.011397744,-0.20764899,-10.58001,-4.1853614,-0.6654484,-10.575675,-4.1944585,-0.65584475,train
381,1.1810269,0.9354323,0.42462912,0.20697731,-0.18834792,-0.15403196,0.22408232,0.022145813,-0.24682908,-10.598827,-4.1925783,-0.66975737,-10.571609,-4.192662,-0.6589528,test
382,1.185125,0.9317114,0.42155525,0.20759559,-0.18799508,-0.15570246,0.20696558,0.05690608,-0.29313168,-10.613716,-4.1981297,-0.673796,-10.602779,-4.2047706,-0.66389644,train
383,1.1892229,0.9280166,0.41843286,0.20739147,-0.18634292,-0.15839987,0.18588258,0.11530339,-0.38525197,-10.632645,-4.2054152,-0.6780319,-10.611525,-4.208193,-0.66777426,train
384,1.1933268,0.92435527,0.41524845,0.20784584,-0.18458517,-0.1616758,0.16450875,0.2099349,-0.5294079,-10.650421,-4.212753,-0.68230385,-10.637011,-4.2179365,-0.6725908,test
385,1.1974,0.9207994,0.4118968,0.2056764,-0.17812969,-0.17173266,0.09841846,0.4300445,-0.8676086,-10.671464,-4.2225084,-0.6870604,-10.628242,-4.214851,-0.6760587,train
386,1.2014908,0.9172088,0.40857825,0.20750043,-0.1823892,-0.16647571,0.052867185,0.53621656,-1.0409584,-10.684621,-4.228622,-0.6908949,-10.666332,-4.226309,-0.6808707,train
387,1.2056468,0.9134356,0.40554383,0.21124877,-0.19316575,-0.1492991,0.15130468,0.19301833,-0.51195353,-10.700201,-4.2314057,-0.69501597,-10.687985,-4.233596,-0.6845657,train
388,1.209813,0.9096578,0.40250608,0.21078502,-0.1901169,-0.15475982,0.26259732,-0.18513103,0.08322246,-10.715218,-4.2335987,-0.6993043,-10.703824,-4.246315,-0.68953675,test
389,1.2139858,0.90587497,0.39947617,0.21136457,-0.19136694,-0.15257356,0.3191404,-0.37809852,0.3977844,-10.73237,-4.240987,-0.70341474,-10.709113,-4.250237,-0.6932823,train
390,1.2182411,0.9018473,0.39682338,0.21663162,-0.20720148,-0.12831528,0.43643573,-0.7836554,1.0541936,-10.747715,-4.244924,-0.7076546,-10.746449,-4.262252,-0.69746655,train
391,1.222482,0.8978862,0.39406216,0.21406926,-0.19787183,-0.14288378,0.48561016,-0.96647096,1.3539507,-10.759881,-4.244443,-0.7112352,-10.742433,-4.267768,-0.70161015,test
392,1.2266787,0.8941165,0.3909683,0.21193567,-0.18800813,-0.16042466,0.37840065,-0.5956101,0.7461472,-10.778459,-4.2556877,-0.7150833,-10.775431,-4.2808843,-0.70743877,train
393,1.2309004,0.89028144,0.38798463,0.21423233,-0.19535877,-0.14778875,0.2827387,-0.263913,0.2101631,-10.799106,-4.2663255,-0.71928346,-10.775112,-4.272279,-0.70962614,train
394,1.2351425,0.88641936,0.38501406,0.21487083,-0.19485414,-0.15077849,0.24223997,-0.114957705,-0.04453359,-10.812289,-4.268859,-0.72337013,-10.819087,-4.287884,-0.71540827,test
395,1.2393513,0.8826833,0.38185933,0.21248122,-0.18660626,-0.1620395,0.18894422,0.06609876,-0.32075047,-10.829242,-4.27588,-0.72712356,-10.793906,-4.279571,-0.71794087,train
396,1.243569,0.8789456,0.3787018,0.21379797,-0.18922183,-0.15878893,0.1396155,0.21093254,-0.50410616,-10.847037,-4.2860847,-0.7318089,-10.821497,-4.2875996,-0.7224434,train
397,1.2478114,0.87515527,0.37561038,0.21502039,-0.191883,-0.15541172,0.13874479,0.21472226,-0.5113528,-10.862481,-4.290656,-0.7358543,-10.845214,-4.29551,-0.7269345,train
398,1.252069,0.87133956,0.37254706,0.21565592,-0.1927161,-0.15458132,0.17318209,0.092181854,-0.32469168,-10.876839,-4.294893,-0.7397394,-10.862182,-4.3032603,-0.7313096,train
399,1.2563401,0.86750734,0.36949614,0.21635382,-0.19352219,-0.15401623,0.22331358,-0.07084722,-0.09623656,-10.891801,-4.300166,-0.74369985,-10.882602,-4.3127527,-0.73595333,train
400,1.2606158,0.8636793,0.36643636,0.2164382,-0.19295937,-0.15477587,0.23572269,-0.12411748,-0.014420818,-10.906751,-4.3056293,-0.747656,-10.888377,-4.3158565,-0.73973435,train
401,1.2648991,0.8598521,0.36336786,0.21691316,-0.19304354,-0.15511948,0.2273912,-0.11039597,-0.023603436,-10.921369,-4.311534,-0.7516979,-10.906185,-4.3227,-0.74406177,train
402,1.2691922,0.8560264,0.36028686,0.2174088,-0.19287272,-0.15584016,0.22130692,-0.08341263,-0.059999105,-10.937025,-4.3176017,-0.7557433,-10.924466,-4.3296404,-0.748493,train
403,1.2734997,0.8521727,0.35724238,0.21821539,-0.1947619,-0.15320721,0.2266581,-0.10118711,-0.028115232,-10.953096,-4.3239436,-0.75991833,-10.937898,-4.3341513,-0.7525398,train
404,1.2778128,0.84831524,0.3541966,0.2183417,-0.19439147,-0.15409395,0.23098966,-0.13698043,0.029592473,-10.965589,-4.328014,-0.76367414,-10.949172,-4.339167,-0.75660616,train
405,1.2821397,0.8444409,0.35116193,0.2191961,-0.19559643,-0.15309194,0.23515022,-0.1684587,0.070342325,-10.9790745,-4.333128,-0.76745987,-10.974078,-4.3486814,-0.76125497,train
406,1.2864653,0.84058475,0.34811184,0.2188609,-0.19396608,-0.15441364,0.22354397,-0.15279713,0.07093916,-10.993313,-4.338456,-0.7713744,-10.963548,-4.345106,-0.7640792,test
407,1.2908049,0.83672655,0.34502712,0.21988319,-0.194581,-0.15629907,0.21332404,-0.10277712,-0.022673,-11.008471,-4.345295,-0.77558535,-11.0164175,-4.365011,-0.7704435,train
408,1.2951504,0.83287114,0.34193608,0.21995755,-0.19415735,-0.15614115,0.21145423,-0.06952223,-0.10192047,-11.023524,-4.3504887,-0.7791413,-11.008132,-4.3608384,-0.7731802,test
409,1.2994934,0.8290424,0.33881828,0.21977149,-0.19247429,-0.15796185,0.18788746,0.0048332126,-0.18065864,-11.037426,-4.3567734,-0.78339416,-11.002839,-4.3585906,-0.77616423,test
410,1.3038573,0.82518065,0.33571273,0.22120562,-0.19515966,-0.1565901,0.19208339,0.0027963878,-0.19598544,-11.052963,-4.363686,-0.78766197,-11.054931,-4.377843,-0.78247684,test
411,1.3082324,0.8213039,0.33261713,0.2215029,-0.19528854,-0.15635145,0.20885718,-0.05205191,-0.14347972,-11.065062,-4.36672,-0.79089475,-11.057672,-4.378823,-0.7857203,train
412,1.3126113,0.8174325,0.3295137,0.2216713,-0.19484992,-0.1569446,0.21401574,-0.080006674,-0.109354526,-11.077929,-4.3720098,-0.794837,-11.060748,-4.3801064,-0.7890106,train
413,1.3169931,0.81356937,0.32640073,0.22179396,-0.19439788,-0.15739313,0.20456333,-0.07268374,-0.09741319,-11.091233,-4.37778,-0.7988554,-11.063279,-4.3811216,-0.7923687,train
414,1.3213848,0.80970204,0.32328558,0.22241634,-0.19477236,-0.15739919,0.19061282,-0.04188072,-0.10559477,-11.104604,-4.383496,-0.80286765,-11.0836315,-4.3888383,-0.79686195,test
415,1.3257847,0.80582875,0.32016507,0.2227703,-0.19501992,-0.15775126,0.18835558,-0.036814846,-0.11102612,-11.11858,-4.3891163,-0.8068132,-11.098667,-4.394383,-0.8010164,test
416,1.3301839,0.80200356,0.31694397,0.22260337,-0.19169542,-0.16428865,0.17582941,0.037860893,-0.26392052,-11.130708,-4.393854,-0.81034565,-11.1205015,-4.4028754,-0.80537754,train
417,1.3346841,0.7978084,0.31433034,0.22935084,-0.21728756,-0.12215158,0.31255648,-0.4746757,0.5562849,-11.146904,-4.400183,-0.8149425,-11.138049,-4.405162,-0.8100533,test
418,1.339169,0.7936549,0.31166762,0.22625871,-0.20657155,-0.13824792,0.4189844,-0.9670559,1.4145279,-11.143056,-4.3911214,-0.81767195,-11.109504,-4.3966746,-0.81217825,train
419,1.3436197,0.78967685,0.3086924,0.22494207,-0.19815904,-0.15398721,0.35220772,-0.76028544,1.1072521,-11.158433,-4.4016037,-0.8211048,-11.144713,-4.412528,-0.8169239,train
420,1.3480781,0.78573674,0.3056119,0.22585529,-0.19818841,-0.15614113,0.26304322,-0.35600436,0.38682598,-11.179405,-4.412815,-0.8249934,-11.183035,-4.428725,-0.82145256,train
421,1.3525383,0.78180206,0.3025327,0.2256866,-0.19778539,-0.15540314,0.17055713,0.054303907,-0.32126755,-11.194232,-4.4190216,-0.8288283,-11.166793,-4.416543,-0.82417434,train
422,1.3570112,0.77784735,0.29947522,0.22657433,-0.19919369,-0.1541872,0.15779576,0.124397926,-0.4418294,-11.204949,-4.4239583,-0.83277327,-11.191048,-4.4243917,-0.8289723,train
423,1.3614905,0.7738913,0.29640996,0.22672383,-0.19880573,-0.15507513,0.16869298,0.06745038,-0.33913562,-11.216742,-4.4284735,-0.83641356,-11.198199,-4.4278665,-0.8325867,test
424,1.3659649,0.76995593,0.293317,0.2263577,-0.19751965,-0.15663369,0.15083048,0.06982993,-0.30264094,-11.227345,-4.433309,-0.8400554,-11.19311,-4.426404,-0.83549374,train
425,1.3704538,0.76600945,0.2902194,0.22743064,-0.19858976,-0.15646425,0.14747526,0.068891965,-0.30087304,-11.237674,-4.4380317,-0.8436627,-11.2287855,-4.439907,-0.84074086,train
426,1.3749536,0.762058,0.28711435,0.22781357,-0.19854762,-0.15700445,0.15880321,0.053122766,-0.29562378,-11.251601,-4.443696,-0.8474969,-11.239688,-4.4439096,-0.84464717,test
427,1.3794549,0.7581267,0.2839733,0.22778544,-0.19717301,-0.15921804,0.16150956,0.066756405,-0.32370856,-11.263346,-4.4489903,-0.8512424,-11.242887,-4.4451685,-0.8481348,train
428,1.3839645,0.75418246,0.28084317,0.22835289,-0.19842137,-0.15782438,0.16387914,0.06110034,-0.31613985,-11.275472,-4.454875,-0.85514647,-11.256544,-4.449854,-0.8523225,train
429,1.3884705,0.7502755,0.27764225,0.22793223,-0.19550943,-0.16292103,0.14535601,0.10732182,-0.38466823,-11.284354,-4.4584227,-0.85851604,-11.267705,-4.454761,-0.856197,train
430,1.3929871,0.7463431,0.27448258,0.22876298,-0.1980579,-0.15864462,0.1343607,0.11605828,-0.38169518,-11.296484,-4.464649,-0.8623759,-11.274095,-4.4560084,-0.85996157,train
431,1.3975195,0.7423774,0.27136666,0.22955015,-0.19942525,-0.15705307,0.15300162,0.023191547,-0.21880393,-11.304796,-4.467642,-0.8660168,-11.28917,-4.4623227,-0.864017,test
432,1.4020705,0.7383861,0.26826817,0.23053515,-0.20065443,-0.15638736,0.18926942,-0.08639154,-0.06029622,-11.315655,-4.472016,-0.8696825,-11.314623,-4.4727473,-0.86870015,train
433,1.4066217,0.73440135,0.26516408,0.2302483,-0.19980401,-0.15696087,0.20885152,-0.15635157,0.05147845,-11.3269205,-4.4769216,-0.87338436,-11.301964,-4.4673643,-0.87145317,test
434,1.4111185,0.73066574,0.26163155,0.22672558,-0.1834343,-0.18509206,0.10529503,0.25249863,-0.61953664,-11.335582,-4.4820857,-0.8765563,-11.316037,-4.4744854,-0.8733955,train
435,1.4156461,0.7268684,0.2581693,0.22984444,-0.19255522,-0.17186627,0.037206452,0.5780662,-1.1967089,-11.357462,-4.495999,-0.88097405,-11.346271,-4.4762473,-0.876465,train
436,1.4202191,0.72288394,0.25503135,0.23188767,-0.20214696,-0.1544706,0.103094086,0.30697596,-0.74577314,-11.363787,-4.496017,-0.8849957,-11.33851,-4.47404,-0.882268,train
437,1.4248075,0.71885574,0.251959,0.23228693,-0.20203294,-0.15544204,0.19819395,-0.119450875,-0.013844336,-11.363293,-4.493535,-0.8882027,-11.360886,-4.4878564,-0.8885796,train
438,1.4294533,0.714623,0.24919882,0.23595703,-0.21564043,-0.1345152,0.3474748,-0.75768834,1.0324023,-11.373175,-4.497599,-0.8919861,-11.392667,-4.494146,-0.8949105,test
439,1.4340901,0.7104513,0.24633086,0.23423615,-0.20728937,-0.14802055,0.40290317,-1.0079592,1.4405928,-11.372312,-4.4937515,-0.89434594,-11.393719,-4.493938,-0.8986239,train
440,1.4387141,0.70637137,0.24330154,0.23391132,-0.20371003,-0.15455866,0.34544873,-0.74503696,0.9999539,-11.388623,-4.5043273,-0.8981784,-11.407133,-4.500372,-0.9022413,test
441,1.4433309,0.70232475,0.24022076,0.23352422,-0.20257045,-0.1559652,0.25811452,-0.40268815,0.45782828,-11.401643,-4.511952,-0.90198076,-11.397785,-4.497886,-0.9045487,train
442,1.4479594,0.6982782,0.23711047,0.2344261,-0.20284522,-0.15748489,0.1857544,-0.10160302,-0.039824117,-11.408591,-4.5156846,-0.9051888,-11.442938,-4.516856,-0.91009825,train
443,1.4525939,0.6942372,0.23397917,0.2345366,-0.20234704,-0.15840857,0.17053504,-0.008915493,-0.22095093,-11.4202175,-4.521248,-0.90878457,-11.447455,-4.518308,-0.9134092,train
444,1.4572326,0.6902019,0.23082995,0.23477796,-0.20206572,-0.15930702,0.16319875,0.024634352,-0.28492707,-11.428575,-4.525781,-0.9122818,-11.455506,-4.5206356,-0.9167291,train
445,1.461876,0.68617123,0.22766957,0.23501278,-0.2017815,-0.159772,0.15835844,0.045315497,-0.31184983,-11.436979,-4.5302644,-0.91576755,-11.459731,-4.5215406,-0.92007333,train
446,1.4665267,0.68213946,0.22449034,0.23542216,-0.20190133,-0.16086891,0.1520843,0.056338064,-0.3251921,-11.445862,-4.5350957,-0.9193778,-11.482126,-4.529636,-0.9245873,train
447,1.4711837,0.6781078,0.22129872,0.23569636,-0.20179893,-0.1613557,0.15151823,0.053411223,-0.33326674,-11.453091,-4.538713,-0.9225736,-11.490756,-4.5321794,-0.9282987,train
448,1.4758476,0.67408454,0.21809289,0.23608612,-0.2011874,-0.1621425,0.15308288,0.061626755,-0.33492702,-11.461286,-4.5431867,-0.9260921,-11.492765,-4.533465,-0.9315247,train
449,1.4805179,0.6700574,0.21486491,0.23637459,-0.20162024,-0.1633611,0.15491371,0.061947875,-0.35035872,-11.472537,-4.549611,-0.9301272,-11.505909,-4.5409546,-0.93525743,train
450,1.4851953,0.66602993,0.21161807,0.23675722,-0.20143759,-0.16423628,0.1561432,0.054265074,-0.3698852,-11.476039,-4.551115,-0.93271863,-11.505593,-4.543529,-0.93790835,test
451,1.4898771,0.66201246,0.2083492,0.23692803,-0.20076658,-0.16542123,0.15438898,0.06304193,-0.3945414,-11.484522,-4.555922,-0.9363003,-11.4952965,-4.542833,-0.9399196,test
452,1.4945637,0.6580042,0.20505476,0.23719063,-0.20029856,-0.16674657,0.1486081,0.08501192,-0.42572716,-11.492935,-4.560943,-0.93994504,-11.492961,-4.5450296,-0.94244343,train
453,1.4992515,0.6539975,0.20176217,0.23718601,-0.20030059,-0.16622013,0.13692057,0.10310548,-0.4146005,-11.500307,-4.565426,-0.9434895,-11.471955,-4.540335,-0.94415563,train
454,1.5039515,0.6499678,0.19849333,0.23799406,-0.20176344,-0.16480885,0.13711528,0.06658762,-0.3248856,-11.505174,-4.568566,-0.9468622,-11.486978,-4.5482917,-0.948643,train
455,1.508667,0.64591795,0.19522858,0.23875919,-0.20258863,-0.1649656,0.16018552,-0.01362952,-0.2161339,-11.511746,-4.5719457,-0.9502069,-11.506356,-4.5582623,-0.95347935,test
456,1.5133946,0.6418534,0.1919674,0.23932931,-0.20325305,-0.16467613,0.18871365,-0.09168919,-0.13141443,-11.5188675,-4.5757637,-0.9535314,-11.5103445,-4.562475,-0.9572452,train
457,1.5181317,0.63777626,0.1887216,0.23977862,-0.20381832,-0.16375159,0.2103384,-0.14819577,-0.059347834,-11.525229,-4.579526,-0.9569343,-11.50186,-4.5621357,-0.96016604,train
458,1.5228686,0.63372356,0.18541422,0.23962693,-0.20196642,-0.16809395,0.20366986,-0.12030918,-0.11334488,-11.531616,-4.5836554,-0.9603839,-11.5023775,-4.566272,-0.96262366,train
459,1.5276123,0.6296807,0.18207213,0.24011353,-0.20181374,-0.1690609,0.18677841,-0.047454216,-0.2445449,-11.537514,-4.5876007,-0.96341014,-11.503797,-4.5690956,-0.9648089,train
460,1.5323634,0.62563515,0.17872322,0.24045353,-0.2019826,-0.16921505,0.17685139,0.0011425973,-0.3272683,-11.54532,-4.592507,-0.9670364,-11.498019,-4.5693817,-0.9669493,train
461,1.5371206,0.62158465,0.17537424,0.24074675,-0.20219737,-0.16916709,0.1706165,0.015567547,-0.3415286,-11.550585,-4.596143,-0.9704101,-11.49184,-4.569839,-0.9694621,test
462,1.5418925,0.6175228,0.17200151,0.2416334,-0.20282844,-0.17074855,0.18232764,-0.012643525,-0.32475433,-11.555728,-4.5995636,-0.97366387,-11.52658,-4.5852666,-0.97473747,train
463,1.5466778,0.613443,0.16864389,0.2422382,-0.20374206,-0.16926433,0.20341362,-0.061940357,-0.28181314,-11.561926,-4.6031165,-0.97681326,-11.519689,-4.5850873,-0.9776452,train
464,1.551471,0.609347,0.16530415,0.24256991,-0.20450158,-0.16853385,0.21726258,-0.11839394,-0.19186634,-11.567757,-4.6072307,-0.98046935,-11.51669,-4.586888,-0.9810898,test
465,1.5562754,0.60522175,0.1620051,0.24321122,-0.20614223,-0.1660627,0.22629833,-0.19093357,-0.0512445,-11.570132,-4.6094127,-0.9835395,-11.517805,-4.5898266,-0.985097,test
466,1.5610925,0.601069,0.15874061,0.24384537,-0.20739628,-0.16453737,0.23456457,-0.27109995,0.1199156,-11.57343,-4.6120453,-0.98681754,-11.525177,-4.5955577,-0.9896193,train
467,1.5659211,0.59689564,0.15549538,0.24441665,-0.20831181,-0.16371872,0.24356405,-0.33248842,0.23856519,-11.5773325,-4.6150775,-0.9900619,-11.531447,-4.600812,-0.9937387,train
468,1.5703361,0.5950723,0.14783183,0.21684909,-0.05123922,-0.45576108,-0.42328846,3.4210076,-5.0,-11.588667,-4.622853,-0.9870001,-11.618281,-4.7219806,-0.9584543,train
469,1.5748903,0.59255034,0.14153835,0.23447229,-0.14666979,-0.27622387,-0.886786,5.0,-5.0,-11.755132,-4.733657,-1.0021082,-11.695874,-4.678642,-0.98349077,train
470,1.5796386,0.5890191,0.13704446,0.24196212,-0.18429513,-0.21210882,-0.5500042,3.420247,-2.997092,-11.663558,-4.6724463,-1.0069629,-11.627763,-4.647262,-0.9978072,test
471,1.5845244,0.5847683,0.1338171,0.24876237,-0.22053398,-0.1480089,0.0849825,0.106490485,2.2532508,-11.622375,-4.644813,-1.0094509,-11.639865,-4.6686077,-1.0281208,train
472,1.5895921,0.57941073,0.1326972,0.25874704,-0.28303578,-0.028385336,0.94366133,-4.7676244,5.0,-11.58005,-4.6182537,-1.0129483,-11.498031,-4.5287776,-0.9940259,test
473,1.594588,0.5745223,0.13063547,0.25090706,-0.23209159,-0.12705836,1.1793014,-5.0,5.0,-11.510773,-4.5759206,-1.0100145,-11.557504,-4.580218,-0.99317664,train
474,1.5995581,0.56986016,0.12815449,0.25159425,-0.23276168,-0.124652274,0.9989293,-4.1170006,4.145682,-11.57351,-4.6175284,-1.0141754,-11.505815,-4.577498,-1.0030897,train
475,1.6045529,0.56513065,0.12577423,0.2530084,-0.23698047,-0.118729524,0.78947836,-2.9463358,2.6126409,-11.582331,-4.6244183,-1.0181265,-11.4446745,-4.5655184,-1.0094011,test
476,1.6099968,0.5577326,0.12848029,0.28240997,-0.4138179,0.2153417,1.310543,-5.0,5.0,-11.576844,-4.622406,-1.0282916,-11.614537,-4.500106,-1.0179031,train
477,1.6152568,0.5513953,0.12904784,0.2610896,-0.287586,-0.027785948,1.6373879,-5.0,5.0,-11.379184,-4.499474,-1.0154905,-11.35251,-4.486609,-1.0009716,test
478,1.6202447,0.54674613,0.12646058,0.24960357,-0.21406846,-0.16195042,0.9893197,-1.9859544,0.11623957,-11.515705,-4.589866,-1.0149935,-11.407419,-4.569962,-1.0138259,train
479,1.6251591,0.5426102,0.12294814,0.24825206,-0.20270401,-0.18212,0.18665275,2.238131,-5.0,-11.617671,-4.6565704,-1.0229715,-11.478253,-4.5661893,-0.9943051,test
480,1.630089,0.53842884,0.11948511,0.24969594,-0.20928772,-0.17270784,-0.39618784,5.0,-5.0,-11.638683,-4.6716175,-1.0280064,-11.636446,-4.6330333,-1.0172725,train
481,1.6350327,0.5341629,0.116181225,0.25015453,-0.21280126,-0.1650651,-0.42423308,4.833619,-5.0,-11.628648,-4.6672626,-1.0300865,-11.613727,-4.624044,-1.0178336,train
482,1.6399943,0.5298486,0.11292705,0.25119886,-0.21484789,-0.16410701,-0.2793787,3.6696527,-3.71801,-11.624138,-4.6669197,-1.0329278,-11.632291,-4.6513705,-1.0253841,train
483,1.6449727,0.5255102,0.109669715,0.25198832,-0.21573289,-0.16460277,-0.13862772,2.677474,-2.6554434,-11.624248,-4.6684556,-1.0354612,-11.593495,-4.653642,-1.0320466,test
484,1.6499645,0.5211566,0.10640702,0.25262612,-0.21638685,-0.1648077,-0.036607463,2.0031428,-2.0324135,-11.625964,-4.6712976,-1.0382651,-11.563586,-4.653207,-1.0364826,train
485,1.654972,0.5167841,0.10313597,0.25346288,-0.217367,-0.16528888,0.0452363,1.5096492,-1.6452577,-11.627814,-4.6744266,-1.0411819,-11.558177,-4.6584473,-1.041115,test
486,1.6599894,0.51239955,0.099867314,0.2538532,-0.21777739,-0.164978,0.10046066,1.1362702,-1.3369348,-11.628966,-4.677178,-1.0439756,-11.544862,-4.6563745,-1.0447694,train
487,1.6650211,0.5079956,0.09659472,0.25467563,-0.21886021,-0.16532709,0.14189418,0.83688337,-1.0807416,-11.629931,-4.6802588,-1.046957,-11.573943,-4.667992,-1.0507786,train
488,1.6700611,0.5035804,0.09333894,0.2549667,-0.21917537,-0.1641136,0.16951723,0.60134983,-0.8463498,-11.6299715,-4.6826015,-1.0496634,-11.56157,-4.6660953,-1.0538585,train
489,1.6751077,0.49917638,0.090044826,0.2553047,-0.21824016,-0.16700487,0.17862622,0.46126643,-0.7074324,-11.6313925,-4.6863904,-1.0528762,-11.578313,-4.6758523,-1.0582016,train
490,1.6801717,0.4947356,0.08677521,0.2563466,-0.22091134,-0.16450064,0.19693024,0.3180145,-0.58499557,-11.634238,-4.690725,-1.055965,-11.605823,-4.6871786,-1.0636296,test
491,1.6852431,0.49033022,0.083390206,0.25651214,-0.21761246,-0.17288011,0.21063098,0.2560854,-0.6337803,-11.631487,-4.6914015,-1.0581452,-11.636263,-4.7027154,-1.0675931,test
492,1.6903272,0.48584384,0.0801743,0.25728717,-0.22399002,-0.15916014,0.22212623,0.11768072,-0.45399958,-11.636847,-4.697644,-1.0616347,-11.584186,-4.682525,-1.0689876,train
493,1.6954442,0.4812501,0.07710609,0.25923502,-0.22905424,-0.1535874,0.26882622,-0.20987026,0.09340859,-11.626484,-4.694837,-1.0642967,-11.652562,-4.71,-1.0797908,train
494,1.7005746,0.47662437,0.07406631,0.25950888,-0.2295275,-0.1534074,0.31234315,-0.47504127,0.5083913,-11.623745,-4.695508,-1.0667776,-11.660893,-4.717632,-1.08568,test
495,1.7057165,0.47205412,0.07085416,0.26017678,-0.22553056,-0.16483305,0.3318115,-0.4992157,0.43736297,-11.621456,-4.6972427,-1.0688125,-11.722186,-4.7450347,-1.0913235,test
496,1.7108535,0.4675805,0.067430705,0.25963095,-0.22024661,-0.17529342,0.3063402,-0.2007969,-0.24128905,-11.631753,-4.705926,-1.0718042,-11.703052,-4.7409096,-1.0887437,train
497,1.7160014,0.46315074,0.06385127,0.26051825,-0.21887226,-0.18239318,0.26603267,0.15281619,-1.0120543,-11.637801,-4.7129173,-1.0747265,-11.744707,-4.756364,-1.089855,test
498,1.7211595,0.45876294,0.060137954,0.2609011,-0.2163814,-0.18905495,0.24887183,0.4062883,-1.6132745,-11.641061,-4.717364,-1.077212,-11.752837,-4.7610855,-1.089742,train
499,1.7263354,0.4543243,0.05648836,0.2619722,-0.22049603,-0.18281564,0.25333133,0.41234264,-1.6766188,-11.646076,-4.72365,-1.0807841,-11.7562065,-4.7627616,-1.0930328,train
